0,1,2,3,4,5,6,7,8,9,10,11,12,13,14,15,16,17,18,19,20,21,22,23
"Indeed, in two seminal articles, Fehr and Gächter",to accept vulnerability on the basis of the positive expec-,,,,,,,,,,,,,,,,,,,,,,
"(2000, 2002) developed a public good paradigm that","tations of the intentions or behaviors of others (Rousseau,",,,,,,,,,,,,,,,,,,,,,,
demonstrated that the use of punishment could effec-,"Sitkin, Burt, & Camerer, 1998; see also Balliet & Van",,,,,,,,,,,,,,,,,,,,,,
tively increase contributions to public goods. In this para-,"Lange, 2012). As shown repeatedly, individuals differ in",,,,,,,,,,,,,,,,,,,,,,
"digm, participants interact in a small group and have an","how much they trust others in general (Rotter, 1967;",,,,,,,,,,,,,,,,,,,,,,
opportunity to contribute to a public good or to free ride,"Yamagishi, 1988, 2011), groups and organizations differ",,,,,,,,,,,,,,,,,,,,,,
on the contributions of their group members. After mak-,in the extent to which group members trust each other,,,,,,,,,,,,,,,,,,,,,,
"ing their decision, each group member learns about the","(Dirks, 1999), and even societies can differ in the degree",,,,,,,,,,,,,,,,,,,,,,
"decision of the other group members, and at that point","to which societal members trust others (Inglehart,",,,,,,,,,,,,,,,,,,,,,,
they decide to pay a cost to reduce the earnings of any,"Basanez, & Moreno, 1998; Knack & Keefer, 1997). For",,,,,,,,,,,,,,,,,,,,,,
specific group member(s)?thus punishing their group,"example, in some societies a lost wallet is believed to be",,,,,,,,,,,,,,,,,,,,,,
member(s). Fehr and Gächter found that over time people,"returned immediately, whereas in other societies people",,,,,,,,,,,,,,,,,,,,,,
tended to make greater contributions to the public good,"are not that trusting (Knack, 2001). Such differences in",,,,,,,,,,,,,,,,,,,,,,
with the presence of punishment opportunities than,"trust are important to public goods, because people with",,,,,,,,,,,,,,,,,,,,,,
they did when punishment opportunities were absent.,high trust are more likely to contribute (Balliet & Van,,,,,,,,,,,,,,,,,,,,,,
Subsequent research replicated and supported the con-,"Lange, 2012; Fischbacher, Gächter, & Fehr, 2001; Gächter,",,,,,,,,,,,,,,,,,,,,,,
clusion that individuals are willing to pay a cost to punish,"Herrmann, & Thöni, 2004; Yamagishi, 1988) and varying",,,,,,,,,,,,,,,,,,,,,,
free riders and that this can effectively and efficiently,levels of trust might reflect norms about expected contri-,,,,,,,,,,,,,,,,,,,,,,
"increase contributions to public goods (Gächter, Renner,","butions to public goods (Coleman, 1988; Doney, Cannon,",,,,,,,,,,,,,,,,,,,,,,
"& Sefton, 2008; Gürerk, Irlenbusch, & Rockenbach, 2006;","& Mullen, 1998). In the present research, we examine the",,,,,,,,,,,,,,,,,,,,,,
"Ostrom, Walker, & Gardner, 1992; Rand, Dreber, Ellingsen,",possibility that differences in trust among societies play a,,,,,,,,,,,,,,,,,,,,,,
"Fudenberg, & Nowak, 2009; Rockenbach & Milinski, 2006;",key role for understanding the effectiveness of punish-,,,,,,,,,,,,,,,,,,,,,,
"Yamagishi, 1986; for a recent meta-analysis, see Balliet,",ment to promote cooperation.,,,,,,,,,,,,,,,,,,,,,,
"Mulder, & Van Lange, 2011).1",How might punishment work in societies that differ in,,,,,,,,,,,,,,,,,,,,,,
"Recently, cross-societal studies on punishment have",trust? One perspective assumes that punishment should,,,,,,,,,,,,,,,,,,,,,,
found much variation across societies in the degree to,be especially effective in low-trust societies. The reason-,,,,,,,,,,,,,,,,,,,,,,
"which punishment promotes cooperation (Balliet et al.,","ing is that in high-trust societies, most people already",,,,,,,,,,,,,,,,,,,,,,
"2011; Henrich, Ensminger, et al., 2010; Henrich et al.,",contribute to the public good: The belief that most others,,,,,,,,,,,,,,,,,,,,,,
"2006; Herrmann, Thöni, & Gächter, 2008; Marlowe &",can be trusted renders punishment an unnecessary cost,,,,,,,,,,,,,,,,,,,,,,
"Berbesque, 2008). In many societies, punishment is effec-","to encourage contributions. Also, in high-trust societies,",,,,,,,,,,,,,,,,,,,,,,
tively directed toward free-riders and promotes coopera-,people may believe that most people have internalized,,,,,,,,,,,,,,,,,,,,,,
"tion; yet in other societies, the effectiveness of punishment","norms against free riding, so that norm enforcement",,,,,,,,,,,,,,,,,,,,,,
to promote contributions to public goods is weak or even,"through punishment is not needed. In contrast, in low-",,,,,,,,,,,,,,,,,,,,,,
"absent (Herrmann et al., 2008). For example, in some","trust societies, punishment is necessary because people",,,,,,,,,,,,,,,,,,,,,,
"societies, such as Denmark and China, punishment works",do not expect their fellow members to contribute in the,,,,,,,,,,,,,,,,,,,,,,
"well, whereas in other societies, such as Turkey and","absence of incentives to do so, but in low-trust societies",,,,,,,,,,,,,,,,,,,,,,
"South Africa, punishment hardly works at all. One impor-",the presence of punishment increases expectations that,,,,,,,,,,,,,,,,,,,,,,
tant reason punishment works is because punishment is,"others will contribute to public goods (Yamagishi, 1986,",,,,,,,,,,,,,,,,,,,,,,
"largely delivered to free riders. However, punishment",1988).,,,,,,,,,,,,,,,,,,,,,,
does not work in some societies because people punish,"Another, competitive perspective assumes that punish-",,,,,,,,,,,,,,,,,,,,,,
cooperators or group members who contribute more,ment is especially effective in high-trust societies. The,,,,,,,,,,,,,,,,,,,,,,
than themselves?so-called ?antisocial punishment?,"reasoning is that in high-trust societies, societal members",,,,,,,,,,,,,,,,,,,,,,
"(Herrmann et al., 2008). Certainly, the punishment of",adhere to norms that encourage both cooperation and,,,,,,,,,,,,,,,,,,,,,,
"cooperators can undermine cooperation. Thus, in some","punishment of free riders. Specifically, punishment of",,,,,,,,,,,,,,,,,,,,,,
"societies, punishment can be countereffective.","free riders poses a ?second-order? dilemma, such that it is",,,,,,,,,,,,,,,,,,,,,,
Can some aspect of cultural differences explain why,in each group member?s material interest to not punish,,,,,,,,,,,,,,,,,,,,,,
the effectiveness of punishment in promoting coopera-,norm violators and to free ride on the benefits provided,,,,,,,,,,,,,,,,,,,,,,
tion is so strongly dependent on the societies in which,"by others who do punish. Thus, in high-trust societies",,,,,,,,,,,,,,,,,,,,,,
"the studies are conducted? Clearly, societies differ in a",people may count on each other to enforce norm viola-,,,,,,,,,,,,,,,,,,,,,,
"number of ways, but one key cultural difference among","tions and punish free riders (Coleman, 1988). Moreover,",,,,,,,,,,,,,,,,,,,,,,
various societies is the beliefs that people hold about,"in high-trust societies, when people deviate from these",,,,,,,,,,,,,,,,,,,,,,
"other people?s benevolence?that is, in trust (Bond et al.,","norms and free ride on others? contributions, punishment",,,,,,,,,,,,,,,,,,,,,,
2004). Trust is often defined in terms of the willingness,may induce a sense of guilt and encourage subsequent,,,,,,,,,,,,,,,,,,,,,,
"cooperation. However, in low-trust societies, these norms",Overview of the Meta-Analysis,,,,,,,,,,,,,,,,,,,,,,
"might be less strongly shared and enforced, such that",,,,,,,,,,,,,,,,,,,,,,,
punishment may induce anger and fail to encourage,"In this article, we report a meta-analysis involving 83",,,,,,,,,,,,,,,,,,,,,,
"cooperation, resulting in the antisocial punishment",studies of the impact of punishment on cooperation,,,,,,,,,,,,,,,,,,,,,,
"observed in certain societies (Gintis, 2008).","across 18 different countries, involving a total number of",,,,,,,,,,,,,,,,,,,,,,
This poses the following puzzle of punishment: Does,"7,361 participants. To maximize the consistency across",,,,,,,,,,,,,,,,,,,,,,
punishment promote greater contributions to public,"studies, we included only those studies that used the",,,,,,,,,,,,,,,,,,,,,,
goods in low or high-trusting societies? We sought to illu-,experimental paradigm developed by Fehr and Gächter,,,,,,,,,,,,,,,,,,,,,,
minate this puzzle of punishment by conducting a quan-,(2002). All studies included in this meta-analysis used this,,,,,,,,,,,,,,,,,,,,,,
titative analysis of experimental studies implemented,"protocol. By applying a meta-analytic approach, we aim",,,,,,,,,,,,,,,,,,,,,,
across 18 societies on the effect of punishment on contri-,to explain variation in the effect size by considering,,,,,,,,,,,,,,,,,,,,,,
butions in a public goods dilemma.,cross-societal differences in trust while controlling for,,,,,,,,,,,,,,,,,,,,,,
,several methodological study characteristics that vary,,,,,,,,,,,,,,,,,,,,,,
,across studies as well as between-country differences in,,,,,,,,,,,,,,,,,,,,,,
Additional Issues: Market,"wealth, wealth inequality, democracy, market competi-",,,,,,,,,,,,,,,,,,,,,,
"Competitiveness, Religion, and Social","tiveness, religious participation, and norms of civic",,,,,,,,,,,,,,,,,,,,,,
Capital,cooperation.,,,,,,,,,,,,,,,,,,,,,,
"Besides trust, we were able to test some other possible",,,,,,,,,,,,,,,,,,,,,,,
reasons why punishment would be more or less effective,Methods,,,,,,,,,,,,,,,,,,,,,,
in promoting cooperation across societies. Prior research,Search for studies and study criteria,,,,,,,,,,,,,,,,,,,,,,
on the use of punishment to promote cooperation across,,,,,,,,,,,,,,,,,,,,,,,
small-scale societies has found that punishment is more,"We searched several databases for published studies,",,,,,,,,,,,,,,,,,,,,,,
frequently used to sustain cooperation in societies with,"including PsycINFO, EconLit, Google Scholar, and",,,,,,,,,,,,,,,,,,,,,,
a strong market economy or with a greater number of,the Web of Science. We searched the entire text of,,,,,,,,,,,,,,,,,,,,,,
"societal members adopting a world religion (Henrich,",English-language journal articles by using the term pun-,,,,,,,,,,,,,,,,,,,,,,
"Ensminger, et al., 2010). Although the present analysis","ishment along with cooperation terms (e.g., public goods",,,,,,,,,,,,,,,,,,,,,,
includes only large-scale societies that all possess market,dilemmas and voluntary contribution mechanism). We,,,,,,,,,,,,,,,,,,,,,,
"economies and exposure to world religions, these societ-",searched the references of all relevant articles for studies.,,,,,,,,,,,,,,,,,,,,,,
ies do vary in the functioning of their markets and the,We also contacted over 150 researchers who attended,,,,,,,,,,,,,,,,,,,,,,
extent to which societal members participate in religion.,the 2007 and 2009 International Conference for Social,,,,,,,,,,,,,,,,,,,,,,
"Therefore, we also examined whether variation across","Dilemmas for data. In addition, we posted a call for data",,,,,,,,,,,,,,,,,,,,,,
these societies in market competitiveness and participa-,to the Economic Science Association methods group,,,,,,,,,,,,,,,,,,,,,,
tion in religion predicted the effectiveness of punishment,"(http://groups.google.com/group/esa-discuss). Last, we",,,,,,,,,,,,,,,,,,,,,,
to promote cooperation.,requested data from authors who published articles on,,,,,,,,,,,,,,,,,,,,,,
Theory of social capital also applies to the present,punishment in public good dilemmas in the last 5 years.,,,,,,,,,,,,,,,,,,,,,,
analysis. Social capital is essentially the idea that the,All studies had to have been conducted on adult par-,,,,,,,,,,,,,,,,,,,,,,
benevolence of others in one?s social network is a valu-,ticipants (age 18 and above). Studies had to have exam-,,,,,,,,,,,,,,,,,,,,,,
able resource that provides benefits (and sometimes,ined the effect of punishment on cooperation in a public,,,,,,,,,,,,,,,,,,,,,,
costs) to individuals in terms of both economic and social,goods dilemma. We included only those studies that,,,,,,,,,,,,,,,,,,,,,,
"exchange (Adler & Kwon, 2002). Two facets of social",compared a punishment condition with a control condi-,,,,,,,,,,,,,,,,,,,,,,
capital include trust and cooperative norms accompanied,"tion. As noted earlier, we included only those studies that",,,,,,,,,,,,,,,,,,,,,,
"by sanctions (Coleman, 1988; Ostrom & Ahn, 2008;",manipulated peer punishment by using the methods,,,,,,,,,,,,,,,,,,,,,,
"Portes, 1998). Therefore, this perspective predicts a posi-","developed by Fehr and Gächter (2000, 2002). In this par-",,,,,,,,,,,,,,,,,,,,,,
"tive correlation across societies among trust, cooperative","adigm, several people come to the lab and are randomly",,,,,,,,,,,,,,,,,,,,,,
"norms, and the effectiveness of punishment in promoting",assigned to play a public goods dilemma game with three,,,,,,,,,,,,,,,,,,,,,,
"cooperation. Thus, this perspective similarly predicts that",other persons.,,,,,,,,,,,,,,,,,,,,,,
cross-societal variation in trust will positively relate to,The typical public goods experiment proceeds in two,,,,,,,,,,,,,,,,,,,,,,
the effectiveness of punishment to promote cooperation.,"stages. In the first stage, participants make their decision",,,,,,,,,,,,,,,,,,,,,,
"Additionally, this perspective predicts that societies that",about how much to contribute to the public good. Each,,,,,,,,,,,,,,,,,,,,,,
possess stronger norms for cooperation will also display,participant is endowed 10 monetary units (MUs) and,,,,,,,,,,,,,,,,,,,,,,
greater effectiveness of punishment. We will test this,then decides between how much of that money to donate,,,,,,,,,,,,,,,,,,,,,,
perspective by examining whether variation in norms,to a group fund (the public good) or an individual fund.,,,,,,,,,,,,,,,,,,,,,,
of civic cooperation relates to the effectiveness of,Any amount contributed to the group fund is multiplied,,,,,,,,,,,,,,,,,,,,,,
ond stage begins. Participants are made aware of their,Number of iterations.  Participants were allowed to,,,,,,,,,,,,,,,,,,,,,,
group members? decisions and are given an opportunity,"interact only once, or the dilemma could occur repeat-",,,,,,,,,,,,,,,,,,,,,,
"to pay to punish their group members. Specifically, par-",edly for several iterations. The sample of effect sizes,,,,,,,,,,,,,,,,,,,,,,
ticipants are given the opportunity to pay 1 MU to reduce,includes both one-shot (k = 9) and iterated (k = 72),,,,,,,,,,,,,,,,,,,,,,
"their partner?s earnings by 3 MUs. Last, participants are",dilemmas. We coded the number of iterations as a con-,,,,,,,,,,,,,,,,,,,,,,
"told whether they were punished, and how much they","tinuous variable (M = 10.24, Mdn = 10).",,,,,,,,,,,,,,,,,,,,,,
earned on that trial. The game is often played for several,,,,,,,,,,,,,,,,,,,,,,,
trials?either with the same group members (partner,Group size.  We coded group size as a continuous vari-,,,,,,,,,,,,,,,,,,,,,,
design) or with random assignment to a new group on,able (range = 3 to 7). The mode of group size was a four-,,,,,,,,,,,,,,,,,,,,,,
each trial (stranger design). The effect of punishment on,"person group (k = 46; M = 4, Mdn = 4).",,,,,,,,,,,,,,,,,,,,,,
contributions is derived by comparing a punishment con-,,,,,,,,,,,,,,,,,,,,,,,
"dition with a control condition, where participants make",Country of participants.  The studies were conducted,,,,,,,,,,,,,,,,,,,,,,
only their contribution decisions and are not provided the,in 18 different countries. Most studies were conducted in,,,,,,,,,,,,,,,,,,,,,,
opportunity to punish others. Using these criteria to find,"the United States (k = 15), United Kingdom (k = 15), Swit-",,,,,,,,,,,,,,,,,,,,,,
relevant studies uncovered a total of 33 papers that con-,"zerland (k = 10), Russia (k = 7), Netherlands (k = 6), and",,,,,,,,,,,,,,,,,,,,,,
"tained 83 studies (effect sizes) and 7,361 participants.",Israel (k = 4). Other countries represented include Aus-,,,,,,,,,,,,,,,,,,,,,,
,"tralia, Belarus, China, Denmark, Germany, Greece, Italy,",,,,,,,,,,,,,,,,,,,,,,
Coding procedure,"Saudi Arabia, South Africa, South Korea, Turkey, and",,,,,,,,,,,,,,,,,,,,,,
,Ukraine. The country for each effect size is labeled in,,,,,,,,,,,,,,,,,,,,,,
Although the studies included in the meta-analysis,Table 1.,,,,,,,,,,,,,,,,,,,,,,
"involved a highly standardized experimental protocol,",,,,,,,,,,,,,,,,,,,,,,,
"the studies varied by the number of group members,",National wealth.  We used gross domestic product,,,,,,,,,,,,,,,,,,,,,,
"number of iterations, and whether the participants con-",(GDP) per capita as an index of a country?s wealth. We,,,,,,,,,,,,,,,,,,,,,,
tinued to remain in the same group throughout the,coded GDP per capita for each society by using the index,,,,,,,,,,,,,,,,,,,,,,
experiment or were reassigned to a new group for each,provided by the International Monetary Fund (http://,,,,,,,,,,,,,,,,,,,,,,
"trial. We coded these study characteristics, as described",www.imf.org/external/pubs/ft/weo/2011/02/weodata/,,,,,,,,,,,,,,,,,,,,,,
"below, and controlled for these between-study differ-",index.aspx). We used the estimates of GDP per capita for,,,,,,,,,,,,,,,,,,,,,,
ences when conducting our analyses. We used the same,the year 2011. Because this variable is not normally dis-,,,,,,,,,,,,,,,,,,,,,,
coding criteria as employed in prior research (Balliet,"tributed, we transformed GDP by using the logarithm. All",,,,,,,,,,,,,,,,,,,,,,
"et al., 2011). Specifically, we coded group size, the num-",analyses were conducted with the transformed logarith-,,,,,,,,,,,,,,,,,,,,,,
Table 1.  Experiments Included in the Meta-Analysis That Report the Effect of Punishment on Cooperation in a,,,,,,,,,,,,,,,,,,,,,,,
Public Goods Dilemma,,,,,,,,,,,,,,,,,,,,,,,
Study N Country d   95% CI SD or PM IT(#) GS,,,,,,,,,,,,,,,,,,,,,,,
"Bochet et al. (2006) 116 US 0.96 [0.57, 1.70] PM IT(10) 4",,,,,,,,,,,,,,,,,,,,,,,
Bornstein & Weisel (2010),,,,,,,,,,,,,,,,,,,,,,,
"Sample a 72 IL 1.42 [0.76, 2.07] PM IT(18) 4",,,,,,,,,,,,,,,,,,,,,,,
"Sample b 72 IL 0.52 [0.03, 1.01] PM IT(18) 4",,,,,,,,,,,,,,,,,,,,,,,
Bornstein & Weisel (2010),,,,,,,,,,,,,,,,,,,,,,,
"Sample a 72 IL 1.65 [0.94, 2.36] PM IT(18) 4",,,,,,,,,,,,,,,,,,,,,,,
"Sample b 72 IL 0.71 [0.20, 1.23] PM IT(18) 4",,,,,,,,,,,,,,,,,,,,,,,
Carpenter (2007),,,,,,,,,,,,,,,,,,,,,,,
"Sample a 46 US 0.55 [0.14, 0.97] SD IT(10) 7",,,,,,,,,,,,,,,,,,,,,,,
"Sample b 46 US 0.44 [0.02, 0.85] SD IT(10) 7",,,,,,,,,,,,,,,,,,,,,,,
"Sample c 46 US 0.18 [?0.23, 0.59] SD IT(10) 7",,,,,,,,,,,,,,,,,,,,,,,
"Carpenter & Matthews (2009) 100 US 0.59 [0.19, 0.99] PM IT(10) 4",,,,,,,,,,,,,,,,,,,,,,,
"Carpenter et al. (2004) 72 US 0.94 [0.45, 1.44] PM IT(10) 4",,,,,,,,,,,,,,,,,,,,,,,
"Casari & Luini (2009) 60 IT 1.60 [0.30, 1.27] PM IT(10) 5",,,,,,,,,,,,,,,,,,,,,,,
Egas & Riedl (2008),,,,,,,,,,,,,,,,,,,,,,,
"Sample a 324 NL 0.08 [?0.14, 0.31] SD IT(6) 3",,,,,,,,,,,,,,,,,,,,,,,
"Sample b 324 NL 0.50 [0.27, 0.72] SD IT(6) 3",,,,,,,,,,,,,,,,,,,,,,,
"Sample c 306 NL 0.21 [?0.01, 0.44] SD IT(6) 3",,,,,,,,,,,,,,,,,,,,,,,
"Sample d 324 NL ?0.09 [?0.31, 0.13] SD IT(6) 3",,,,,,,,,,,,,,,,,,,,,,,
"Ertan et al. (2009) 80 US 0.37 [0.14, 0.59] PM IT(3) 4",,,,,,,,,,,,,,,,,,,,,,,
Fehr & Gächter (2000),,,,,,,,,,,,,,,,,,,,,,,
"Sample a 24 CH 1.35 [0.46, 2.23] SD IT(10) 4",,,,,,,,,,,,,,,,,,,,,,,
"Sample b 80 CH 1.65 [1.14, 2.15] PM IT(10) 4",,,,,,,,,,,,,,,,,,,,,,,
"Fehr & Gächter (2002) 236 CH 1.35 [1.17, 1.53] SD IT(10) 4",,,,,,,,,,,,,,,,,,,,,,,
Fuster & Meier (2009),,,,,,,,,,,,,,,,,,,,,,,
"Sample a 15 US 1.10 [0.50, 1.74] PM IT(6) 4",,,,,,,,,,,,,,,,,,,,,,,
"Sample b 19 US 0.94 [0.40, 1.48] PM IT(6) 4",,,,,,,,,,,,,,,,,,,,,,,
Gächter & Herrmann (2009),,,,,,,,,,,,,,,,,,,,,,,
"Sample a 141 CH 0.31 [0.14, 0.48] SD OS 3",,,,,,,,,,,,,,,,,,,,,,,
"Sample b 102 CH 0.30 [0.11, 0.50] SD OS 3",,,,,,,,,,,,,,,,,,,,,,,
"Sample c 180 RU ?0.05 [?0.20, 0.09] SD OS 3",,,,,,,,,,,,,,,,,,,,,,,
"Sample d 180 RU ?0.08 [?0.23, 0.06] SD OS 3",,,,,,,,,,,,,,,,,,,,,,,
Gächter & Herrmann (2010),,,,,,,,,,,,,,,,,,,,,,,
"Sample a 205 RU ?0.07 [?0.21, 0.07] SD OS 3",,,,,,,,,,,,,,,,,,,,,,,
"Sample b 105 RU 0.07 [?0.13, 0.26] SD OS 3",,,,,,,,,,,,,,,,,,,,,,,
"Sample c 143 RU 0.18 [0.01, 0.36] SD OS 3",,,,,,,,,,,,,,,,,,,,,,,
"Sample d 153 RU ?0.17 [?0.33, ?0.01] SD OS 3",,,,,,,,,,,,,,,,,,,,,,,
Gächter et al. (2008),,,,,,,,,,,,,,,,,,,,,,,
"Sample a 105 UK 0.71 [0.31, 1.11] PM IT(10) 3",,,,,,,,,,,,,,,,,,,,,,,
"Sample b 102 UK 1.95 [1.48, 2.42] PM IT(50) 3",,,,,,,,,,,,,,,,,,,,,,,
Gächter & Thoni (2005),,,,,,,,,,,,,,,,,,,,,,,
"Sample a 51 CH 1.85 [1.19, 2.50] SD IT(10) 3",,,,,,,,,,,,,,,,,,,,,,,
"Sample b 126 CH 0.20 [?0.15, 0.56] SD IT(10) 3",,,,,,,,,,,,,,,,,,,,,,,
"Sample c 54 CH 0.62 [0.07, 1.16] SD IT(10) 3",,,,,,,,,,,,,,,,,,,,,,,
Herrmann et al. (2008),,,,,,,,,,,,,,,,,,,,,,,
"Sample a 56 US 1.36 [1.00, 1.72] PM IT(10) 4",,,,,,,,,,,,,,,,,,,,,,,
"Sample b 56 UK 1.38 [1.02, 1.75] PM IT(10) 4",,,,,,,,,,,,,,,,,,,,,,,
"Sample c 68 DK 1.12 [0.81, 1.42] PM IT(10) 4",,,,,,,,,,,,,,,,,,,,,,,
"Sample d 60 DE 1.42 [0.82, 1.47] PM IT(10) 4",,,,,,,,,,,,,,,,,,,,,,,
"Sample e 48 CH 1.87 [1.40, 2.34] PM IT(10) 4",,,,,,,,,,,,,,,,,,,,,,,
"Sample f 96 CH 1.21 [0.95, 1.48] PM IT(10) 4",,,,,,,,,,,,,,,,,,,,,,,
"Sample g 68 BY 0.55 [0.29, 0.80] PM IT(10) 4",,,,,,,,,,,,,,,,,,,,,,,
Table 1. (continued),,,,,,,,,,,,,,,,,,,,,,,
Study,N,Country,d,95% CI,SD or PM,IT(#),GS,,,,,,,,,,,,,,,,
Sample h,44,UA,0.08,"[?0.22, 0.38]",PM,IT(10),4,,,,,,,,,,,,,,,,
Sample i,152,RU,0.39,"[0.23, 0.56]",PM,IT(10),4,,,,,,,,,,,,,,,,
Sample j,44,GR,?0.16,"[?0.46, 0.14]",PM,IT(10),4,,,,,,,,,,,,,,,,
Sample k,64,TR,0.33,"[0.08, 0.58]",PM,IT(10),4,,,,,,,,,,,,,,,,
Sample l,48,SA,?0.15,"[?0.43, 0.14]",PM,IT(10),4,,,,,,,,,,,,,,,,
Sample m,84,KR,1.64,"[1.31, 1.97]",PM,IT(10),4,,,,,,,,,,,,,,,,
Sample n,96,CN,1.23,"[0.96, 1.49]",PM,IT(10),4,,,,,,,,,,,,,,,,
Sample o,40,AU,2.14,"[1.58, 2.71]",PM,IT(10),4,,,,,,,,,,,,,,,,
Kocher et al. (2008),120,ZA,0.22,"[0.03, 0.40]",SD,OS,3,,,,,,,,,,,,,,,,
Kroll et al. (2007),35,US,0.88,"[0.49, 1.27]",PM,IT(10),5,,,,,,,,,,,,,,,,
Myers (2009),72,US,1.12,"[0.63, 1.62]",SD,IT(20),4,,,,,,,,,,,,,,,,
Nikiforakis (2008),,,,,,,,,,,,,,,,,,,,,,,
Sample a,144,UK,1.03,"[0.67, 1.40]",SD,IT(10),4,,,,,,,,,,,,,,,,
Sample b,144,UK,1.63,"[1.23, 2.04]",PM,IT(10),4,,,,,,,,,,,,,,,,
Sample c,144,UK,0.21,"[?0.14, 0.56]",SD,IT(10),4,,,,,,,,,,,,,,,,
Sample d,144,UK,0.51,"[0.16, 0.86]",PM,IT(10),4,,,,,,,,,,,,,,,,
Nikiforakis & Normann (2008),,,,,,,,,,,,,,,,,,,,,,,
Sample a,48,UK,0.50,"[?0.07, 1.08]",PM,IT(10),4,,,,,,,,,,,,,,,,
Sample b,48,UK,1.09,"[0.49, 1.7]",PM,IT(10),4,,,,,,,,,,,,,,,,
Sample c,48,UK,2.07,"[1.37, 2.77]",PM,IT(10),4,,,,,,,,,,,,,,,,
Sample d,48,UK,2.24,"[1.52, 2.97]",PM,IT(10),4,,,,,,,,,,,,,,,,
Nikiforakis et al. (2010),,,,,,,,,,,,,,,,,,,,,,,
Sample a,44,UK,1.09,"[0.45, 1.72]",PM,IT(10),4,,,,,,,,,,,,,,,,
Sample b,48,UK,1.20,"[0.58, 1.81]",PM,IT(10),4,,,,,,,,,,,,,,,,
Sample c,44,UK,1.84,"[1.14, 2.55]",PM,IT(10),4,,,,,,,,,,,,,,,,
Sample d,48,UK,1.85,"[1.18, 2.53]",PM,IT(10),4,,,,,,,,,,,,,,,,
O?Gorman et al. (2008),,,,,,,,,,,,,,,,,,,,,,,
Sample a,44,UK,0.35,"[0.05, 0.66]",SD,IT(6),4,,,,,,,,,,,,,,,,
Sample b,44,UK,?0.06,"[?0.36, 0.24]",SD,IT(6),4,,,,,,,,,,,,,,,,
O?Gorman & Van Vugt (2010),,,,,,,,,,,,,,,,,,,,,,,
Sample a,48,UK,0.80,"[0.45, 1.13]",SD,IT(6),4,,,,,,,,,,,,,,,,
Sample b,44,UK,0.38,"[0.08, 0.69]",SD,IT(6),4,,,,,,,,,,,,,,,,
Page et al. (2005),128,US,1.29,"[0.91, 1.67]",PM,IT(20),4,,,,,,,,,,,,,,,,
Patel et al. (2010),,,,,,,,,,,,,,,,,,,,,,,
Sample a,66,UK,0.20,"[?0.39, 0.80]",PM,IT(10),4,,,,,,,,,,,,,,,,
Sample b,36,UK,0.38,"[?0.45, 1.21]",PM,IT(10),4,,,,,,,,,,,,,,,,
Sample c,72,UK,0.21,"[?0.36, 0.78]",PM,IT(10),4,,,,,,,,,,,,,,,,
Sample d,36,UK,?0.79,"[?1.71, 0.13]",PM,IT(10),4,,,,,,,,,,,,,,,,
Rand et al. (2009),26,US,1.61,"[0.71, 2.52]",PM,IT(50),4,,,,,,,,,,,,,,,,
Reuben & Riedl (2009),,,,,,,,,,,,,,,,,,,,,,,
Sample a,39,NL,4.51,"[3.33, 5.70]",PM,IT(10),3,,,,,,,,,,,,,,,,
Sample b,39,NL,0.90,"[0.24, 1.56]",PM,IT(10),3,,,,,,,,,,,,,,,,
Sample c,42,NL,2.38,"[1.59, 3.17]",PM,IT(10),3,,,,,,,,,,,,,,,,
Sample d,39,NL,1.77,"[1.00, 2.54]",PM,IT(10),3,,,,,,,,,,,,,,,,
Sefton et al. (2007),18,US,0.32,"[?0.15, 0.79]",PM,IT(10),4,,,,,,,,,,,,,,,,
Tan (2008),48,NL,1.33,"[0.71, 1.96]",PM,IT(15),4,,,,,,,,,,,,,,,,
components that are groupings of variables that impact a,society we examined observations from a country?s latest,,,,,,,,,,,,,,,,,,,,,,
country?s productivity. Of the societies included in our,wave of the WVS and EVS. The trust score indicates the,,,,,,,,,,,,,,,,,,,,,,
"sample, scores ranged from 3.92 for Greece to 5.74 for",percentage of people who claimed that most people can,,,,,,,,,,,,,,,,,,,,,,
"Switzerland (M = 5.20, SD = 0.50). Higher scores indicate",be trusted. Because the WVS is administered to people,,,,,,,,,,,,,,,,,,,,,,
more competitive countries.,"age 18 and above, and because the experimental studies",,,,,,,,,,,,,,,,,,,,,,
,included in the meta-analysis are primarily young adults,,,,,,,,,,,,,,,,,,,,,,
Religious participation.  We used a measure of reli-,"(ages 18?25), we examined the correlation between age",,,,,,,,,,,,,,,,,,,,,,
gious participation from the latest wave of the World,and trust within each society and coded the predicted,,,,,,,,,,,,,,,,,,,,,,
Values Survey (WVS; http://www.worldvaluessurvey,score of trust for people age 21.5. Using this approach we,,,,,,,,,,,,,,,,,,,,,,
.org/) and the European Values Survey (EVS; http://www,have an estimated amount of trust in each society that,,,,,,,,,,,,,,,,,,,,,,
.europeanvaluesstudy.eu/).2 We used the measure of,better reflects the age group contained in the experimen-,,,,,,,,,,,,,,,,,,,,,,
church attendance over the last year with the question,tal studies used in the meta-analysis. To keep these pre-,,,,,,,,,,,,,,,,,,,,,,
"?apart from weddings, funerals, and christenings, about",dicted trust scores comparable to the trust index used in,,,,,,,,,,,,,,,,,,,,,,
how often do you attend religious services these days??.,prior research we multiplied each predicted value by 2.,,,,,,,,,,,,,,,,,,,,,,
Responses range from 1 (more than once a week) to 8,Scores ranged from 8.60 for Turkey to 165.81 for Den-,,,,,,,,,,,,,,,,,,,,,,
"(practically never). Of the countries in our sample, church","mark (M = 78.17, SD = 30.43). Higher scores indicate",,,,,,,,,,,,,,,,,,,,,,
attendance ranged from 3.48 for South Africa to 6.20 for,greater amounts of trust.,,,,,,,,,,,,,,,,,,,,,,
"the Netherlands (M = 5.61, SD = 0.53). Higher scores indi-",,,,,,,,,,,,,,,,,,,,,,,
cate less religious participation.,Overview of analysis,,,,,,,,,,,,,,,,,,,,,,
Norms of civic cooperation.  We used the latest wave,"In our analyses, we used the d statistic as the measure of",,,,,,,,,,,,,,,,,,,,,,
of the WVS and EVS to measure norms of civic coopera-,effect size. This value is the difference between the mean,,,,,,,,,,,,,,,,,,,,,,
tion within each society. We followed previous research,levels of cooperation in the punishment and control con-,,,,,,,,,,,,,,,,,,,,,,
"(e.g., Herrmann et al., 2008) by averaging responses to","ditions, divided by the pooled standard deviation. A posi-",,,,,,,,,,,,,,,,,,,,,,
three items on the survey. Each item asks the respondent,tive d value shows greater cooperation in the punishment,,,,,,,,,,,,,,,,,,,,,,
to what extent a specific behavior is justifiable: (a) claim-,"condition, relative to a control condition. We used the",,,,,,,,,,,,,,,,,,,,,,
"ing government benefits that you are not entitled to,","means and standard deviations to calculate the d values,",,,,,,,,,,,,,,,,,,,,,,
"(b) avoiding a fare on public transportation, and (c)","but when these statistics were not reported, we calcu-",,,,,,,,,,,,,,,,,,,,,,
cheating on taxes if you have a chance. Responses range,lated the d values by using the sample size along with,,,,,,,,,,,,,,,,,,,,,,
from 1 (never justifiable) to 10 (always justifiable). We,the F score or t value. The d value is the dependent vari-,,,,,,,,,,,,,,,,,,,,,,
reverse-coded the scale so that high scores indicate,able in our primary analyses.,,,,,,,,,,,,,,,,,,,,,,
"greater norms of civic cooperation. In our sample, the",Some studies allowed us to code multiple effect sizes.,,,,,,,,,,,,,,,,,,,,,,
index of norms of civic cooperation ranged from 7.00 for,"For example, a study could include a control condition",,,,,,,,,,,,,,,,,,,,,,
"Greece to 9.39 for Turkey (M = 8.70, SD = 0.50). Higher",and two different punishment conditions. This study,,,,,,,,,,,,,,,,,,,,,,
scores equal stronger norms of civic cooperation.,"allowed us to code two effect sizes. However, the two",,,,,,,,,,,,,,,,,,,,,,
,effect sizes are nonindependent because they share the,,,,,,,,,,,,,,,,,,,,,,
Democracy.  The extent of a society?s democracy is,"same control condition. Therefore, we applied Cooper?s",,,,,,,,,,,,,,,,,,,,,,
taken from the democracy index. This index is based on,(1998) shifting-units-of-analysis approach to handle non-,,,,,,,,,,,,,,,,,,,,,,
"several different measures of the electoral process, civil",independent effect sizes when doing our analyses. Using,,,,,,,,,,,,,,,,,,,,,,
"liberties, and political participation. We coded the democ-","this approach, we averaged over all the effects from a",,,,,,,,,,,,,,,,,,,,,,
racy index from the Economist Intelligence Unit (2010).,single study. This created one effect size for each study,,,,,,,,,,,,,,,,,,,,,,
"Of the countries in our sample, the democracy index",with multiple nonindependent effect sizes. These com-,,,,,,,,,,,,,,,,,,,,,,
ranged from 1.84 for Saudi Arabia to 9.52 for Denmark,bined effect sizes were used in each of the analyses.,,,,,,,,,,,,,,,,,,,,,,
"(M = 6.91, SD = 2.29). Higher scores indicate greater","For the analyses we report below, we first estimate",,,,,,,,,,,,,,,,,,,,,,
democracy.,and report the overall average effect size for the effect of,,,,,,,,,,,,,,,,,,,,,,
,punishment on cooperation. We then report the average,,,,,,,,,,,,,,,,,,,,,,
Generalized trust in others.  For each country we,effect size in each of the countries represented in our,,,,,,,,,,,,,,,,,,,,,,
used the WVS and EVS to measure generalized trust in,sample. We calculated these estimated effect sizes by,,,,,,,,,,,,,,,,,,,,,,
others. The WVS and EVS measure generalized trust with,using a random effects model. A fixed-effect model is,,,,,,,,,,,,,,,,,,,,,,
"responses to the item ?Generally speaking, would you",inappropriate because we assumed that we did not have,,,,,,,,,,,,,,,,,,,,,,
say that most people can be trusted or that you need to,the entire population of studies and that there is system-,,,,,,,,,,,,,,,,,,,,,,
be very careful in dealing with people?? (1 = most people,"atic between-study variation. Specifically, we assumed",,,,,,,,,,,,,,,,,,,,,,
can be trusted and 2 = you can never be too careful when,that the effect of punishment on cooperation would vary,,,,,,,,,,,,,,,,,,,,,,
dealing with people). To create a trust score for each,systematically across countries and that this variation may,,,,,,,,,,,,,,,,,,,,,,
"distribution contains a publication bias. In so doing, we",the funnel plot and then attempts to estimate where miss-,,,,,,,,,,,,,,,,,,,,,,
formally examined the distribution of studies in a funnel,ing studies would fall in the plot that would produce,,,,,,,,,,,,,,,,,,,,,,
plot (plotted according to their effect size and standard,symmetry in the funnel plot. The method estimates the,,,,,,,,,,,,,,,,,,,,,,
error) by using Egger?s regression intercept and Duval,value of these missing effects sizes through an iterative,,,,,,,,,,,,,,,,,,,,,,
and Tweedie?s (2000) trim and fill approach.,process of removing the most extreme effect sizes with,,,,,,,,,,,,,,,,,,,,,,
"Last, we report random effects multiple regression",small samples from either side of the plot. If there is a,,,,,,,,,,,,,,,,,,,,,,
models with method of moments estimations by using,"publication bias, then we can expect that this approach",,,,,,,,,,,,,,,,,,,,,,
the between-study and between-country moderators to,will estimate that the sample is missing studies below the,,,,,,,,,,,,,,,,,,,,,,
predict the effect size. A random effects model is a rela-,overall effect size. The analysis then inputs these missing,,,,,,,,,,,,,,,,,,,,,,
tively conservative statistical test compared with a fixed,effect sizes to the sample of studies and calculates a,,,,,,,,,,,,,,,,,,,,,,
"effect model (Lipsey & Wilson, 2001). To examine the",smaller overall effect size without publication bias. In,,,,,,,,,,,,,,,,,,,,,,
hypothesis that cross-societal variation in trust relates to,"taking this approach, there were no estimated missing",,,,,,,,,,,,,,,,,,,,,,
"the effect size, we first tested the relation between trust","studies above the overall effect size. Asymmetry did exist,",,,,,,,,,,,,,,,,,,,,,,
and the effect size and then added several control vari-,"however, and was characterized by missing studies below",,,,,,,,,,,,,,,,,,,,,,
ables to observe whether they changed this relation. In,the overall effect size. The trim and fill approach added,,,,,,,,,,,,,,,,,,,,,,
"all of our models, because we had 69 observations, we",12 studies below the overall effect size and recalculated,,,,,,,,,,,,,,,,,,,,,,
included no more than seven predictor variables. To con-,an average effect size that was slightly smaller than the,,,,,,,,,,,,,,,,,,,,,,
duct our analyses we used the SPSS statistical MACROs,"original estimated effect size (d = 0.57, 95% CI [0.43,0.71]).",,,,,,,,,,,,,,,,,,,,,,
provided by Lipsey and Wilson (2001).3,"Moreover, we found a statistically significant Egger?s",,,,,,,,,,,,,,,,,,,,,,
,"regression intercept (intercept = 4.68), t(68) = 5.99, p <",,,,,,,,,,,,,,,,,,,,,,
Results,".001, which indicates a possible publication bias. Taken",,,,,,,,,,,,,,,,,,,,,,
,"together, these results suggest that the sample contained",,,,,,,,,,,,,,,,,,,,,,
Overall analysis of the effect of,a possible publication bias that is usually characterized,,,,,,,,,,,,,,,,,,,,,,
punishment on cooperation,by missing null findings. Adjusting the estimated effect,,,,,,,,,,,,,,,,,,,,,,
,size while taking these studies into consideration resulted,,,,,,,,,,,,,,,,,,,,,,
We begin our analysis by reporting the main effect of,in a slightly smaller estimated effect of punishment on,,,,,,,,,,,,,,,,,,,,,,
punishment on cooperation across all societies. Table 1,"cooperation, compared with the overall analysis. An",,,,,,,,,,,,,,,,,,,,,,
reports the average effect of punishment on cooperation,analysis of Orwin?s fail-safe N finds that 546 studies with,,,,,,,,,,,,,,,,,,,,,,
for each study included in the meta-analysis and lists the,an effect size of d = 0.00 would be necessary to reduce,,,,,,,,,,,,,,,,,,,,,,
between-study codings of the moderators for each study.,the average effect size below d = 0.05.,,,,,,,,,,,,,,,,,,,,,,
"Prior to all analyses, we created an average effect size for",,,,,,,,,,,,,,,,,,,,,,,
studies with multiple nonindependent effect sizes. This,Punishment and cooperation across,,,,,,,,,,,,,,,,,,,,,,
reduced the sample of effect sizes (from k = 83 to k = 69).,18 societies,,,,,,,,,,,,,,,,,,,,,,
"Averaging across all societies, punishment had a mod-",,,,,,,,,,,,,,,,,,,,,,,
"erate, positive effect on cooperation in the public goods","Next, we report the effect sizes separately for each soci-",,,,,,,,,,,,,,,,,,,,,,
"dilemmas (d = 0.77, 95% CI [0.63, 0.91], 90% prediction",ety. Table 2 reports the estimated average effect size for,,,,,,,,,,,,,,,,,,,,,,
"interval [0.16, 1.71]). Next, we assessed the estimated",each society represented in the analysis along with the,,,,,,,,,,,,,,,,,,,,,,
variation in the effect size distribution by using several,"cross-societal codings of trust, national wealth, democ-",,,,,,,,,,,,,,,,,,,,,,
"indicators of heterogeneity of variance (T, T 2, and I 2).","racy, economic inequality, market competition, religious",,,,,,,,,,,,,,,,,,,,,,
The indicators of heterogeneity of the effect size distribu-,"attendance, and norms of civic cooperation for each",,,,,,,,,,,,,,,,,,,,,,
tion suggest that there is variation in the true effect size,"country. As displayed in Table 2, there is much cross-",,,,,,,,,,,,,,,,,,,,,,
"distribution (T 2 = .31, T = .55) and that a substantial",societal variation in the impact of punishment on coop-,,,,,,,,,,,,,,,,,,,,,,
Table 2.  The Effect of Punishment on Cooperation Across 18 Societies and the Country Codings,,,,,,,,,,,,,,,,,,,,,,,
Country k d 95 % CI Trust GDP Gini Dem. Mkt.,Rel.,Norms,,,,,,,,,,,,,,,,,,,,,
"Australia 1 2.14 [1.58, 2.71] 93.80 11.09 35.19 9.22 5.11",6.07,8.95,,,,,,,,,,,,,,,,,,,,,
"Belarus 1 0.55 [0.29, 0.80] 48.15 8.68 27.22 3.34 ?",5.68,7.49,,,,,,,,,,,,,,,,,,,,,
"China 1 1.23 [0.96, 1.49] 97.22 8.60 41.53 3.14 4.90",5.69,8.63,,,,,,,,,,,,,,,,,,,,,
"Denmark 1 1.12 [0.81, 1.41] 165.81 11.00 24.70 9.52 5.40",5.81,9.31,,,,,,,,,,,,,,,,,,,,,
"Germany 1 1.14 [0.82, 1.47] 81.07 10.69 28.31 8.38 5.41",6.00,8.84,,,,,,,,,,,,,,,,,,,,,
"Greece 1 ?0.16 [?0.46, 0.14] 51.59 10.21 34.27 7.96 3.92",3.76,7.00,,,,,,,,,,,,,,,,,,,,,
"Israel 4 1.03 [0.51, 1.54] 49.51 10.37 39.20 7.48 5.07",?,?,,,,,,,,,,,,,,,,,,,,,
"Italy 1 1.60 [0.30, 2.90] 69.79 10.50 36.03 7.83 4.43",3.77,9.03,,,,,,,,,,,,,,,,,,,,,
"Netherlands 6 1.76 [0.72, 2.86] 106.16 10.83 30.90 8.99 5.41",6.20,9.09,,,,,,,,,,,,,,,,,,,,,
"Russia 7 0.03 [?0.11, 0.17] 56.58 9.47 42.27 4.26 4.21",5.99,7.80,,,,,,,,,,,,,,,,,,,,,
"Saudi Arabia 1 ?0.15 [?0.43, 0.14] 106.86 9.93 32.00 1.84 5.17",4.33,8.32,,,,,,,,,,,,,,,,,,,,,
"South Africa 1 0.22 [0.03, 0.40] 33.86 9.00 67.40 7.79 4.34",3.48,8.41,,,,,,,,,,,,,,,,,,,,,
"South Korea 1 1.64 [1.31, 1.97] 74.50 10.03 31.51 8.11 5.02",4.56,8.63,,,,,,,,,,,,,,,,,,,,,
"Switzerland 10 1.04 [0.64, 1.44] 123.02 11.30 33.68 8.09 5.74",5.44,9.17,,,,,,,,,,,,,,,,,,,,,
"Turkey 1 0.33 [0.08, 0.58] 8.60 9.26 43.23 5.73 4.28",4.65,9.39,,,,,,,,,,,,,,,,,,,,,
"Ukraine 1 0.08 [?0.22, 0.38] 60.69 8.19 27.51 6.30 4.00",5.08,7.55,,,,,,,,,,,,,,,,,,,,,
"United Kingdom 15 0.70 [0.41, 0.99] 59.00 10.56 35.97 8.16 5.39",5.93,8.73,,,,,,,,,,,,,,,,,,,,,
"United States 15 0.81 [0.59, 1.02] 59.21 10.79 40.08 8.18 5.43",5.46,8.81,,,,,,,,,,,,,,,,,,,,,
We were primarily interested in examining the relation,amount of variation in the effect size distribution (R2 =,,,,,,,,,,,,,,,,,,,,,,
between cross-societal variation in trust with the effect of,".11, p < .001). Cross-societal variation in trust had a posi-",,,,,,,,,,,,,,,,,,,,,,
punishment on cooperation in a public goods dilemma.,"tive relation with the effect size (? = .33, p = .001). This",,,,,,,,,,,,,,,,,,,,,,
"When testing for this relation, we first examined the vari-",indicates that punishment is more effective at increasing,,,,,,,,,,,,,,,,,,,,,,
ance in the effect size distribution explained by cross-,cooperation in high-trust societies than it is in low-trust,,,,,,,,,,,,,,,,,,,,,,
societal variation in trust (Model 1). We then observed,societies.4,,,,,,,,,,,,,,,,,,,,,,
how this relation was affected by adding the three study,"In Model 2, we added the study characteristics (i.e.,",,,,,,,,,,,,,,,,,,,,,,
"characteristics that vary across studies: partner protocol,","partner protocol, number of iterations, and group size);",,,,,,,,,,,,,,,,,,,,,,
"number of iterations, and group size (Model 2) and then",this model explained a significant amount of variation in,,,,,,,,,,,,,,,,,,,,,,
"cross-societal differences in GDP per capita (Model 3),","the effect size (R2 = .38, p < .001). Both partner protocol",,,,,,,,,,,,,,,,,,,,,,
"democracy (Model 4), and wealth inequality (Model 5).",and number of iterations had a statistically significant rela-,,,,,,,,,,,,,,,,,,,,,,
"Next, because we restricted our model to no more than",tion with the effect of punishment on cooperation. For,,,,,,,,,,,,,,,,,,,,,,
seven predictor variables at once (given a sample of,"partner protocol, punishment more effectively increased",,,,,,,,,,,,,,,,,,,,,,
,,,,,,,,,,,,Model,,,,,,,,,,,
,,1,,,2,,,3,,,4,,5,,,6,,,7,,,8,
Variable,?,,p,?,p,,?,,p,?,,p ?,,p,?,,p,?,,p,?,,p
Trust,.33,,.001,.38,.001**,,.26,,.016,.28,,.009 .35,,.006,.26,,.016,.33,,.002,.23,,.035
Partner,,,,.30,.001,,.31,,.001,.29,,.001 .32,,.001,.28,,.002,.33,,.001**,.28,,.002
protocol,,,,,,,,,,,,,,,,,,,,,,,
Iterations,,,,.33,.001**,,.28,,.003,.28,,.003 .29,,.002,.27,,.004,.27,,.004,.26,,.005
Group size,,,,.00,.989,,?.04,,.595,?.04,,.609 ?.03,,.688,?.05,,.549,?.01,,.946,?.06,,.509
GDP,,,,,,,.21,,.046,?.03,,.840 ?.04,,.826,?.07,,.721,?.16,,.372,?.12,,.481
Democracy,,,,,,,,,,.28,,.057 .29,,.056,.27,,.064,.38,,.013,.20,,.188
"In Models 3, 4, and 5 we added GDP per capita, wealth","with the effect size (? = .28, p = .057), which indicates",,,,,,,,,,,,,,,,,,,,,,
"inequality, and the democracy index, respectively. In",that punishment was more effective at promoting coop-,,,,,,,,,,,,,,,,,,,,,,
"Model 3, GDP per capita, had a significant positive rela-",eration in high-democratic counties than it was in low-,,,,,,,,,,,,,,,,,,,,,,
"tion with the effect size (? = .21, p = .046). Punishment","democratic countries. In Model 5, the Gini index did not",,,,,,,,,,,,,,,,,,,,,,
had a stronger positive effect on cooperation in wealthier,"relate to the effect size. In Model 5, trust continued to",,,,,,,,,,,,,,,,,,,,,,
"countries than it did in less wealthy countries. However,",have a significant positive relation with the effect size,,,,,,,,,,,,,,,,,,,,,,
when the democracy index was added to Model 4 then,"(? = .35, p = .006).5 It is important to note that cross-",,,,,,,,,,,,,,,,,,,,,,
GDP per capita did not have a significant positive rela-,societal variation in trust had a significant positive rela-,,,,,,,,,,,,,,,,,,,,,,
"tion with the effect size (? = ?.03, p = .840). In this model,",tion with the effect size across all five models. This,,,,,,,,,,,,,,,,,,,,,,
democracy had a marginally significant positive relation,indicates that punishment was relatively more effective at,,,,,,,,,,,,,,,,,,,,,,
"variables had a significant relation with the effect size,",the use of punishment to promote cooperation among,,,,,,,,,,,,,,,,,,,,,,
although norms of civic cooperation had a marginally sig-,strangers is closely linked to a society?s social norms for,,,,,,,,,,,,,,,,,,,,,,
"nificant positive relation with the effect size (? = .24, p =",contributions to public goods and the punishment of,,,,,,,,,,,,,,,,,,,,,,
.073). Punishment was more effective at promoting coop-,"free-riders (Henrich, Ensminger, et al., 2010; Henrich",,,,,,,,,,,,,,,,,,,,,,
eration in countries with stronger norms for cooperation.,"et al., 2006; Herrmann et al., 2008). Moreover, the present",,,,,,,,,,,,,,,,,,,,,,
Trust continued to have a positive relation with the effect,findings unpack the puzzle of punishment even further,,,,,,,,,,,,,,,,,,,,,,
size after controlling for these variables. The relation,by providing novel support for the perspective that soci-,,,,,,,,,,,,,,,,,,,,,,
between trust and the effect size for each country is dis-,etal levels of trust and the enforcement of social norms,,,,,,,,,,,,,,,,,,,,,,
played in Figure 1.,"are mutually reinforcing. In the following sections, we",,,,,,,,,,,,,,,,,,,,,,
,address the relation between trust and norm enforce-,,,,,,,,,,,,,,,,,,,,,,
Discussion,ment; discuss some theoretical and practical implications,,,,,,,,,,,,,,,,,,,,,,
,this relation has for understanding the workings of small,,,,,,,,,,,,,,,,,,,,,,
The primary purpose of the present meta-analysis was to,"groups, organizations, and societal institutions; and sug-",,,,,,,,,,,,,,,,,,,,,,
test two competing predictions about how cross-societal,gest directions for future research.,,,,,,,,,,,,,,,,,,,,,,
differences in trust may moderate the relation between,,,,,,,,,,,,,,,,,,,,,,,
punishment and its effect on cooperation in public goods,"Trust, punishment, and cooperation",,,,,,,,,,,,,,,,,,,,,,
experiments. Using a meta-analytic approach involving,,,,,,,,,,,,,,,,,,,,,,,
"more than 7,000 participants from 18 societies, we pro-","Earlier, we reasoned that in high-trust societies, societal",,,,,,,,,,,,,,,,,,,,,,
vide strong evidence for the perspective that trust and,members may adhere to norms that encourage both,,,,,,,,,,,,,,,,,,,,,,
social norm enforcement may reinforce each other in,"cooperation and the punishment of free riders (Coleman,",,,,,,,,,,,,,,,,,,,,,,
securing and promoting cooperation in large-scale soci-,"1988). However, in low-trust societies, these norms may",,,,,,,,,,,,,,,,,,,,,,
eties. This is indicated by the positive relation between,"be less strongly shared and enforced, so punishment may",,,,,,,,,,,,,,,,,,,,,,
cross-societal trust and the effect of punishment on,be less effective in these societies. We propose that it is,,,,,,,,,,,,,,,,,,,,,,
cooperation in public goods. The broad conclusion to,unlikely that a single causal direction underlies the rela-,,,,,,,,,,,,,,,,,,,,,,
,tionship between trust and norm enforcement but that,,,,,,,,,,,,,,,,,,,,,,
,both variables may be mutually reinforcing in promoting,,,,,,,,,,,,,,,,,,,,,,
,"cooperation. Below, we offer some theoretical perspec-",,,,,,,,,,,,,,,,,,,,,,
,tives that might help us explain the mechanisms underly-,,,,,,,,,,,,,,,,,,,,,,
,ing this relation.,,,,,,,,,,,,,,,,,,,,,,
,One perspective centers on the causal role of trust in,,,,,,,,,,,,,,,,,,,,,,
,facilitating norm enforcement. Trust includes a benevo-,,,,,,,,,,,,,,,,,,,,,,
,"lent view of others? intentions, which is likely to affect",,,,,,,,,,,,,,,,,,,,,,
,judgments of others who engage in the costly punish-,,,,,,,,,,,,,,,,,,,,,,
,"ment of non-cooperators. In high-trust societies, punish-",,,,,,,,,,,,,,,,,,,,,,
,ment is likely to be viewed as attempts to enforce,,,,,,,,,,,,,,,,,,,,,,
,"cooperative norms, which encourages others to behave",,,,,,,,,,,,,,,,,,,,,,
,"according to such norms. For example, Balliet and col-",,,,,,,,,,,,,,,,,,,,,,
,leagues (2011) found support for their reasoning that,,,,,,,,,,,,,,,,,,,,,,
,punishments were more effective at promoting coopera-,,,,,,,,,,,,,,,,,,,,,,
,tion when they were more costly (versus free of costs) to,,,,,,,,,,,,,,,,,,,,,,
,"administer. From this perspective, it is possible that the",,,,,,,,,,,,,,,,,,,,,,
,primary mechanism is rooted in communication: A will-,,,,,,,,,,,,,,,,,,,,,,
,"ingness to pay a cost to punish others, especially non-",,,,,,,,,,,,,,,,,,,,,,
Fig. 1.  The scatterplot displays the relation between the effect of,"cooperative others, is likely to be viewed as a strong",,,,,,,,,,,,,,,,,,,,,,
punishment on contributions to public goods (d value) and cross-,,,,,,,,,,,,,,,,,,,,,,,
"societal variation in trust across 18 societies, after controlling for","concern with collective outcomes. At the same time,",,,,,,,,,,,,,,,,,,,,,,
three between-study and three between-country variables (Model,such benevolent views of costly punishment may be,,,,,,,,,,,,,,,,,,,,,,
"8 reported in Table 2). AU = Australia, BY = Belarus; CN = China;",more likely to occur in societies that contain higher,,,,,,,,,,,,,,,,,,,,,,
DE = Germany; DK = Denmark; GR = Greece; IL = Israel; IT = Italy;,"amounts of trust in others, which we conceptualized ear-",,,,,,,,,,,,,,,,,,,,,,
NL = Netherlands; RU = Russia; SA = Saudi Arabia; ZA = South Africa;,,,,,,,,,,,,,,,,,,,,,,,
KR = South Korea; CH = Switzerland; TR = Turkey; UA = Ukraine; UK =,lier in terms of beliefs about benevolence toward the self,,,,,,,,,,,,,,,,,,,,,,
increasing cooperation in countries with higher levels of,this puzzle of punishment is clear: The effectiveness of,,,,,,,,,,,,,,,,,,,,,,
trust in others.,punishment in promoting cooperation in a public goods,,,,,,,,,,,,,,,,,,,,,,
"In Models 6 through 8, we dropped the Gini index and","experiment is greater in societies with high trust, rather",,,,,,,,,,,,,,,,,,,,,,
"added market competitiveness, religious attendance, and",than low trust.,,,,,,,,,,,,,,,,,,,,,,
"norms of civic cooperation, respectively. None of these",Such evidence is consistent with recent findings that,,,,,,,,,,,,,,,,,,,,,,
"norms of cooperation, which leads to greater amounts of",widely used concept with broad implications for the,,,,,,,,,,,,,,,,,,,,,,
"societal trust. That is, although trust may promote effec-",functioning and development of a society (see Adler &,,,,,,,,,,,,,,,,,,,,,,
"tive norm enforcement, so may effective norm enforce-","Kwon, 2002; Coleman, 1988; Fukuyama, 1995; Putnam,",,,,,,,,,,,,,,,,,,,,,,
"ment promote trust. Indeed, Ostrom and Ahn (2008)","1993). Trust, norms of cooperation, and the effective",,,,,,,,,,,,,,,,,,,,,,
claimed that trust is an outcome of successful collective,enforcement of norms are conceptualized as interrelated,,,,,,,,,,,,,,,,,,,,,,
"action, which increases trust in others. So what facilitates","components of social capital (Coleman, 1988; Ostrom &",,,,,,,,,,,,,,,,,,,,,,
successful collective action before the emergence of trust?,"Ahn, 2008; Portes, 1998), which holds important implica-",,,,,,,,,,,,,,,,,,,,,,
Prior research on small-scale societies suggests that infor-,"tions for understanding the functioning of societies,",,,,,,,,,,,,,,,,,,,,,,
mal norm enforcement of cooperative norms might be,"including market economies (Knack & Keefer, 1997) and",,,,,,,,,,,,,,,,,,,,,,
promoted by both the extent of market exchange between,"government (Ostrom & Ahn, 2008; Putnam, 1993).",,,,,,,,,,,,,,,,,,,,,,
strangers and the extent that societal members adopt a,The present research provides evidence that effective,,,,,,,,,,,,,,,,,,,,,,
"major world religion (Henrich, Ensminger, et al., 2010).","norm enforcement for cooperative behavior, which",,,,,,,,,,,,,,,,,,,,,,
We found that the extent of market competition or partici-,"results in greater success in the provision of public goods,",,,,,,,,,,,,,,,,,,,,,,
pation in religion (at least as measured by church atten-,positively relates to a society?s level of trust and norms of,,,,,,,,,,,,,,,,,,,,,,
dance) did not predict the effectiveness of punishment to,"civic cooperation. Moreover, in additional analyses we",,,,,,,,,,,,,,,,,,,,,,
"promote cooperation.6 Thus, these cross-societal differ-",combined the measures of trust and social norms to cre-,,,,,,,,,,,,,,,,,,,,,,
ences may not necessarily extend to the present sample,ate an index of social capital and found that this had a,,,,,,,,,,,,,,,,,,,,,,
"of countries. Yet, in contrast to prior research on small-",strong positive relation with the effect size (see supple-,,,,,,,,,,,,,,,,,,,,,,
"Thus, trust in others may result in benevolent percep-",(2010) which revealed that people who tend to spend,,,,,,,,,,,,,,,,,,,,,,
"tions of cooperative norm enforcers, which may have",more time with their family and on family care displayed,,,,,,,,,,,,,,,,,,,,,,
"two effects that sustain cooperative norms. First, such","less trust in strangers, compared to individuals who",,,,,,,,,,,,,,,,,,,,,,
benevolent perceptions of punishers may result in an,spend less time with their family. These findings raise,,,,,,,,,,,,,,,,,,,,,,
enhanced status or reputation of the punishers (dos,"intriguing questions: For example, how exactly might",,,,,,,,,,,,,,,,,,,,,,
"Santos, Rankin, & Wedekind, 2011; Nelissen, 2008), which",family ties inhibit trust and cooperation with strangers?,,,,,,,,,,,,,,,,,,,,,,
may subsequently reinforce the punishment of non-,And assuming that there are important benefits to form-,,,,,,,,,,,,,,,,,,,,,,
"cooperators. Second, in high-trust societies, people may",ing and maintaining exchange relations with others,,,,,,,,,,,,,,,,,,,,,,
be more inclined to perceive their own noncooperation,"beyond an extended kin network, an important question",,,,,,,,,,,,,,,,,,,,,,
as a violation of a social norm and feel guilty for having,is how people come to interact cooperatively with strang-,,,,,,,,,,,,,,,,,,,,,,
"violated such a norm (McGraw, 1987). Therefore, indi-","ers, develop norms for cooperative interaction with",,,,,,,,,,,,,,,,,,,,,,
viduals may begin to cooperate in response to punish-,"strangers, and provide a climate for effective norm",,,,,,,,,,,,,,,,,,,,,,
"ment. However, in low-trust societies that emphasize",enforcement. Future research on such issues may go far,,,,,,,,,,,,,,,,,,,,,,
strong family ties and lack norms of cooperation with,in explaining cross-societal variation in cooperation.,,,,,,,,,,,,,,,,,,,,,,
"strangers, people may respond negatively to being pun-",,,,,,,,,,,,,,,,,,,,,,,
ished for not cooperating with other strangers. Instead of,Trust and norm enforcement: A social,,,,,,,,,,,,,,,,,,,,,,
increasing their cooperation they may choose to retaliate,,,,,,,,,,,,,,,,,,,,,,,
,capital perspective,,,,,,,,,,,,,,,,,,,,,,
"and punish others who cooperate (i.e., antisocial punish-",,,,,,,,,,,,,,,,,,,,,,,
"ment; see Gintis, 2008).",It is interesting to view the present findings in light of the,,,,,,,,,,,,,,,,,,,,,,
Another perspective is that punishment promotes,conceptualization and workings of social capital?a,,,,,,,,,,,,,,,,,,,,,,
"scale societies, our analysis included large-scale modern","mental materials). As such, we found novel support for",,,,,,,,,,,,,,,,,,,,,,
industrialized societies that all possess relatively extensive,the position that trust and the enforcement of coopera-,,,,,,,,,,,,,,,,,,,,,,
market economies and exposure to world religions.,"tive norms are positively associated, as would be expected",,,,,,,,,,,,,,,,,,,,,,
Another possibility is that norms and formal institu-,from a social capital perspective.,,,,,,,,,,,,,,,,,,,,,,
tions that encourage individuals to establish and maintain,An implication of the present findings is that societies,,,,,,,,,,,,,,,,,,,,,,
social relations beyond an extended kin network may,that succeed in establishing cooperative norms and,,,,,,,,,,,,,,,,,,,,,,
promote cooperation among unrelated others and the,greater trust among strangers should be more capable of,,,,,,,,,,,,,,,,,,,,,,
"enforcement of such cooperative group norms (Coleman,",expanding social networks embedded in those societies,,,,,,,,,,,,,,,,,,,,,,
"1988; Fukuyama, 1995; Putnam, 1993). Countries that","and beyond (Buchan et al., 2009), by providing a formal",,,,,,,,,,,,,,,,,,,,,,
possess norms for maintaining strong family ties may,or informal climate in which new members will behave,,,,,,,,,,,,,,,,,,,,,,
inhibit interactions between unrelated others which may,according to the cooperative group norms that exist in,,,,,,,,,,,,,,,,,,,,,,
undermine the development of cooperative norms,"those networks (Coleman, 1988). In this perspective, the",,,,,,,,,,,,,,,,,,,,,,
"between strangers (Fukuyama, 1995; Putnam, 1993).",prevalence of informal norm enforcement facilitates the,,,,,,,,,,,,,,,,,,,,,,
"large-scale institutions (Henrich, Ensminger, et al., 2010;",norms. One implication of our work is that organizations,,,,,,,,,,,,,,,,,,,,,,
"Putnam, 1993). Successful economies and governments",that have successfully developed trust through organiza-,,,,,,,,,,,,,,,,,,,,,,
may occur as a result of a multitude of societal members,tional members participating in informal norm enforce-,,,,,,,,,,,,,,,,,,,,,,
engaging in successful collective action in the production,ment may well consider an organizational structure that,,,,,,,,,,,,,,,,,,,,,,
"of public goods (Ostrom & Ahn, 2008). For example,",allows employees to monitor and sanction their own per-,,,,,,,,,,,,,,,,,,,,,,
democratic governments thrive in societies where citizens,"formance of specific behaviors, thereby reducing the",,,,,,,,,,,,,,,,,,,,,,
"freely engage in public life by participating in debates,",need to implement costly monitoring and sanctioning,,,,,,,,,,,,,,,,,,,,,,
"electing representatives, and joining political parties (La",systems. In certain organizational contexts where central-,,,,,,,,,,,,,,,,,,,,,,
"Due Lake & Huckfeldt, 1998; Putnam, 1993).","ized monitoring of team performance is impossible,",,,,,,,,,,,,,,,,,,,,,,
Theory and research suggest that social capital embod-,selecting organizational members based on individual,,,,,,,,,,,,,,,,,,,,,,
"ied in social networks within a society, such as norms",differences in trust may stabilize group norms of perfor-,,,,,,,,,,,,,,,,,,,,,,
"that are sanctioned, are positively related to political",mance and ultimately enhance productivity.,,,,,,,,,,,,,,,,,,,,,,
"engagement and participation, which is the cornerstone",An intriguing implication of the present research is,,,,,,,,,,,,,,,,,,,,,,
"of a successful democracy (La Due Lake & Huckfeldt,",that the success of large-scale institutions may be founded,,,,,,,,,,,,,,,,,,,,,,
"1998; Putnam, 1993). Thus, an implication is that success-",on harnessing the stabilizing effects of informal social,,,,,,,,,,,,,,,,,,,,,,
ful societal institutions may gain and maintain their suc-,"processes promoting cooperation (Cook, Hardin, & Levi,",,,,,,,,,,,,,,,,,,,,,,
cess via informal social processes realized among the,"2005). Indeed, authorities and institutions may benefit by",,,,,,,,,,,,,,,,,,,,,,
social networks within those societies. The present find-,recognizing some degree of self-determination by local,,,,,,,,,,,,,,,,,,,,,,
ings provide some preliminary evidence in support of,"communities (Ostrom, 1990). So in many ways, it may",,,,,,,,,,,,,,,,,,,,,,
"this basic argument. Specifically, with those lines of rea-","well be the local, informal enforcement of social norms",,,,,,,,,,,,,,,,,,,,,,
"soning in mind, we explored the relation between the","of cooperation that maintains trust in others, which then",,,,,,,,,,,,,,,,,,,,,,
extent of political participation by societal members and,provides the fertile ground for broader institutional,,,,,,,,,,,,,,,,,,,,,,
the effect of punishment on cooperation (see supple-,mechanisms to further ensure the trustworthiness of oth-,,,,,,,,,,,,,,,,,,,,,,
mentary materials). We found that cooperative norm,ers via increased monitoring and sanctioning (Cook,,,,,,,,,,,,,,,,,,,,,,
enforcement was more effective in societies with higher,"et al., 2005). Thus, cost-effective institutional solutions",,,,,,,,,,,,,,,,,,,,,,
"levels of political involvement by societal members, even",may take advantage of the knowledge and ability of indi-,,,,,,,,,,,,,,,,,,,,,,
when controlling for societal differences in trust and,viduals to solve their own public goods and commons,,,,,,,,,,,,,,,,,,,,,,
norms of cooperation.,"dilemmas (Ostrom, 1990). It may simply be unnecessary",,,,,,,,,,,,,,,,,,,,,,
"The present research is promising, in that it clearly dis-",for a strong and costly Leviathan to monitor and sanction,,,,,,,,,,,,,,,,,,,,,,
plays that the informal enforcement of cooperative norms,societal members? behavior in order to sustain coopera-,,,,,,,,,,,,,,,,,,,,,,
positively relates to participation in democratic societies.,"tion. It is all the more interesting that these local, inter-",,,,,,,,,,,,,,,,,,,,,,
"Yet, further research is needed to more closely examine",personal mechanisms are so clearly uncovered in the,,,,,,,,,,,,,,,,,,,,,,
the relation between human cooperation and the func-,constraints of a laboratory where strangers are faced with,,,,,,,,,,,,,,,,,,,,,,
"tioning of large-scale institutions, such as governments.",the challenges of a public good dilemma.,,,,,,,,,,,,,,,,,,,,,,
Doing so will help develop tailored approaches to encour-,,,,,,,,,,,,,,,,,,,,,,,
aging cooperation?potentially including such behaviors,,,,,,,,,,,,,,,,,,,,,,,
as political participation by societal members. This issue,Limitations and future directions,,,,,,,,,,,,,,,,,,,,,,
is all the more pressing given the many societies that are,There are some limitations worth noting that may be,,,,,,,,,,,,,,,,,,,,,,
currently making the transition from authoritarian regimes,"addressed in future research. First, the measure of trust",,,,,,,,,,,,,,,,,,,,,,
to more democratic states. Strategies that harness the,taken by the WVS is not without criticisms. Some defini-,,,,,,,,,,,,,,,,,,,,,,
power of informal social processes to support the work-,tions of trust presume that people can be both trusting and,,,,,,,,,,,,,,,,,,,,,,
ings of such institutions may provide a key solution to a,"suspicious of others (Yamagishi, 2011), and there may be",,,,,,,,,,,,,,,,,,,,,,
studies included in the meta-analysis were conducted,societies? levels of trust and the enforcement of coopera-,,,,,,,,,,,,,,,,,,,,,,
with university students. Although this may provide a,"tive group norms in experimental social dilemmas, which",,,,,,,,,,,,,,,,,,,,,,
benefit by drawing relatively comparable samples across,are often conceptualized as two components of social,,,,,,,,,,,,,,,,,,,,,,
"societies, university students in large-scale modern indus-","capital that relate to the successful workings of groups,",,,,,,,,,,,,,,,,,,,,,,
trialized societies tend not to capture the broad range of,"organizations, and even nations. Furthermore, we found",,,,,,,,,,,,,,,,,,,,,,
cultural differences observed across large- and small-,support that the informal punishment of cooperative,,,,,,,,,,,,,,,,,,,,,,
"scale societies (Henrich, Heine, & Norenzayan, 2010).",group norms is more effective in societies involving,,,,,,,,,,,,,,,,,,,,,,
Future research should determine whether our results,"greater participation of societal members in politics, a",,,,,,,,,,,,,,,,,,,,,,
generalize to the broader range of cultures present in the,"hallmark of a healthy democracy. Thus, an intriguing",,,,,,,,,,,,,,,,,,,,,,
world.,implication is that trust and cooperative norm enforce-,,,,,,,,,,,,,,,,,,,,,,
"Finally, although the experimental studies all involved","ment, as a form of social capital, result in prosperous",,,,,,,,,,,,,,,,,,,,,,
"a highly standardized experimental procedure, the exper-","large-scale societies, and in many ways ?make the world",,,,,,,,,,,,,,,,,,,,,,
iments were conducted by different experimenters in dif-,go round.?,,,,,,,,,,,,,,,,,,,,,,
"ferent labs. Certainly, a gold standard of cross-cultural",,,,,,,,,,,,,,,,,,,,,,,
research is to have a single experimenter develop and,Declaration of Conflicting Interests,,,,,,,,,,,,,,,,,,,,,,
"apply the same procedure across societies, with a close",,,,,,,,,,,,,,,,,,,,,,,
,The authors declared that they had no conflicts of interest with,,,,,,,,,,,,,,,,,,,,,,
look at language and for economic experiments such as,respect to their authorship or the publication of this article.,,,,,,,,,,,,,,,,,,,,,,
"these, the value of outcomes used in specific studies (see",,,,,,,,,,,,,,,,,,,,,,,
"Herrmann et al., 2008). Nonetheless, despite these limita-",,,,,,,,,,,,,,,,,,,,,,,
,Notes,,,,,,,,,,,,,,,,,,,,,,
"tions, a meta-analytic approach, with the ability to look",,,,,,,,,,,,,,,,,,,,,,,
across more studies in more countries than is often the,1. Past research has examined two distinct forms of sanction-,,,,,,,,,,,,,,,,,,,,,,
"case at the study level, remains a powerful tool to exam-","ing systems, punishments administered by a centralized author-",,,,,,,,,,,,,,,,,,,,,,
ine variation in studies across societies and test theory of,"ity (e.g., Baldassarri & Grossman, 2011; Mulder, van Dijk, De",,,,,,,,,,,,,,,,,,,,,,
,"Cremer, & Wilke, 2006) and punishments delivered by peers",,,,,,,,,,,,,,,,,,,,,,
potential cross-cultural differences.,,,,,,,,,,,,,,,,,,,,,,,
,"(Fehr & Gächter, 2002). In the present research, we focused",,,,,,,,,,,,,,,,,,,,,,
,on the (costly) peer punishment administered in the Fehr and,,,,,,,,,,,,,,,,,,,,,,
Concluding Remarks,"Gächter (2002) research protocol, because a standardized",,,,,,,,,,,,,,,,,,,,,,
,experimental protocol has been developed and used in most,,,,,,,,,,,,,,,,,,,,,,
Free riding is one of the most serious threats to public,studies on this topic. This standardized protocol has also been,,,,,,,,,,,,,,,,,,,,,,
goods and may therefore pose an important risk to the,"used in various countries over the past decade, thus allow-",,,,,,,,,,,,,,,,,,,,,,
"functioning of groups, organizations, and societies.",ing for a relatively straightforward empirical analysis to illu-,,,,,,,,,,,,,,,,,,,,,,
Although punishment has been identified as a powerful,"minate this puzzle of punishment. Therefore, when we refer",,,,,,,,,,,,,,,,,,,,,,
"solution to the free-rider problem, the effectiveness of","to punishment throughout this article, we refer to this form of",,,,,,,,,,,,,,,,,,,,,,
punishment as a tool to promote cooperation varies con-,punishment.,,,,,,,,,,,,,,,,,,,,,,
siderably across societies. The intriguing question now is,"2. When we used the WVS, we were able to code all countries",,,,,,,,,,,,,,,,,,,,,,
,"included in the meta-analysis for religious participation, norms",,,,,,,,,,,,,,,,,,,,,,
what we have referred to as a puzzle of punishment: Is,,,,,,,,,,,,,,,,,,,,,,,
,"of civic cooperation, and trust, except Greece and Denmark.",,,,,,,,,,,,,,,,,,,,,,
punishment more effective in low-trust societies or high-,"For these two countries, we used the EVS, which asks the same",,,,,,,,,,,,,,,,,,,,,,
trust societies?,"questions, to calculate and code these variables.",,,,,,,,,,,,,,,,,,,,,,
The meta-analysis provides a clear answer: Punishment,3. The dataset can be obtained from Daniel Balliet?s Web site at,,,,,,,,,,,,,,,,,,,,,,
is more effective in promoting cooperation (and reducing,http://www.psy.vu.nl/nl/over-de-faculteit/medewerkers-,,,,,,,,,,,,,,,,,,,,,,
free riding) in high-trust societies than in low-trust societ-,alfabetisch/medewerkers-a-b/d-balliet/index.asp.,,,,,,,,,,,,,,,,,,,,,,
"ies. We have suggested that punishment, as discussed in",4. We examined the possibility that cross-societal variation in,,,,,,,,,,,,,,,,,,,,,,
"terms of norm enforcement, and trust might reinforce",trust has a nonlinear relation with the effect of punishment on,,,,,,,,,,,,,,,,,,,,,,
each other in promoting cooperation?rather than exist-,cooperation. We examined both the quadratic and logarithmic,,,,,,,,,,,,,,,,,,,,,,
ing in a simple unidirectional causal relation. Such rein-,transformations of trust and their relations with the effect size,,,,,,,,,,,,,,,,,,,,,,
forcement of trust and norm enforcement?that trust,and did not find any support for a nonlinear relation.,,,,,,,,,,,,,,,,,,,,,,
,5. We also computed the interaction between trust and democ-,,,,,,,,,,,,,,,,,,,,,,
provides a supporting environment for norm enforce-,,,,,,,,,,,,,,,,,,,,,,,
,racy and added the interaction term to the model predicting,,,,,,,,,,,,,,,,,,,,,,
"ment, and that effective informal norm enforcement pro-",the effect size. The interaction was not a significant predictor,,,,,,,,,,,,,,,,,,,,,,
"*Gächter, S., Renner, E., & Sefton, M. (2008). The long-run",j.jesp.2005.03.002,,,,,,,,,,,,,,,,,,,,,,
"benefits of punishment. Science, 322, 1510. doi:10.1126/","*Myers, C. D. (2009). Participation and punishment. Unpub-",,,,,,,,,,,,,,,,,,,,,,
science.1164744,"lished manuscript, Princeton University, Princeton, NJ.",,,,,,,,,,,,,,,,,,,,,,
"*Gächter, S., & Thoni, C. (2005). Social learning and volun-","Nelissen, R. M. A. (2008). The price you pay: Cost-dependent",,,,,,,,,,,,,,,,,,,,,,
tary cooperation among like minded people. Journal of,reputation effects of altruistic punishment. Evolution &,,,,,,,,,,,,,,,,,,,,,,
"European Economic Association, 3, 303?314. doi:10.1162/","Human Behavior, 29, 242?248. doi:10.1016/j.evolhumbe-",,,,,,,,,,,,,,,,,,,,,,
jeea.2005.3.2-3.303,hav.2008.01.001,,,,,,,,,,,,,,,,,,,,,,
"Gintis, H. (2008). Punishment and cooperation. Science, 319,","*Nikiforakis, N. (2008). Punishment and counter-punishment",,,,,,,,,,,,,,,,,,,,,,
1345?1346.,in public good games: Can we really govern ourselves?,,,,,,,,,,,,,,,,,,,,,,
"Gürerk, Ö., Irlenbusch, B., & Rockenbach, B. (2006). The com-","Journal of Public Economics, 92, 91?112. doi:10.1016/j",,,,,,,,,,,,,,,,,,,,,,
"petitive advantage of sanctioning institutions. Science, 312,",.jpubeco.2007.04.008,,,,,,,,,,,,,,,,,,,,,,
108?111.,"*Nikiforakis, N., & Normann, H. (2008). A comparative statis-",,,,,,,,,,,,,,,,,,,,,,
"Henrich, J., Ensminger, J., McElreath, R., Barr, A., Barrett, C.,",tical analysis of punishment in public-good experiments.,,,,,,,,,,,,,,,,,,,,,,
"Bolyanatz, A., . . . Ziker, J. (2010). Markets, religion, com-","Experimental Economics, 11, 358?369. doi:10.1007/s10683-",,,,,,,,,,,,,,,,,,,,,,
"munity size, and the evolution of fairness and punishment.",007-9171-3,,,,,,,,,,,,,,,,,,,,,,
"Science, 327, 1480?1484.","*Nikiforakis, N., Normann, H., & Wallace, B. (2010). Asymmetric",,,,,,,,,,,,,,,,,,,,,,
"Henrich, J., Heine, S. J., & Norenzayan, A. (2010). The weirdest",enforcement of cooperation in a social dilemma.,,,,,,,,,,,,,,,,,,,,,,
"people in the world? Behavioral and Brain Sciences, 33,","Southern Economic Journal, 76, 638?659. doi:10.4284/",,,,,,,,,,,,,,,,,,,,,,
61?83.,sej.2010.76.3.638,,,,,,,,,,,,,,,,,,,,,,
"Henrich, J., McElreath, R., Barr, A., Ensminger, J., Barrett, C.,","*O?Gorman, R., Henrich, J., & Van Vugt, M. (2008). Constraining",,,,,,,,,,,,,,,,,,,,,,
"Bolyanatz, A., . . . Ziker, J. (2006). Costly punishment across",free riding in public goods games: Designated solitary pun-,,,,,,,,,,,,,,,,,,,,,,
"human societies. Science, 312, 1767?1770.",ishers can sustain human cooperation. Proceedings of the,,,,,,,,,,,,,,,,,,,,,,
"*Herrmann, B., Thöni, C., & Gächter, S. (2008). Antisocial","Royal Society B: Biological Sciences, 276, 1?7. doi:10.1098/",,,,,,,,,,,,,,,,,,,,,,
