0,1,2,3,4,5,6,7,8,9,10,11,12,13,14,15,16,17,18,19,20,21
(2012),calling messages,provided,275 (Study 2),(Study,southwestern,S,,,,,,,,,,,,,,,
"Aoyama, Saxon,",Cyberbullying,When another,?a,Last 3,463,Middle and,Southwestern,17,,,,,,,,,,,,,
& Fearon,,student or several,,months,,high,U.S.,,,,,,,,,,,,,,
(2011),,other students say,,,,school,,,,,,,,,,,,,,,
,,mean and hurtful,,,,,,,,,,,,,,,,,,,
,,things or make,,,,,,,,,,,,,,,,,,,
,,fun of him or her,,,,,,,,,,,,,,,,,,,
,,or call him or her,,,,,,,,,,,,,,,,,,,
,,mean and hurtful,,,,,,,,,,,,,,,,,,,
,,"names via e-mail,",,,,,,,,,,,,,,,,,,,
,,"text messages,",,,,,,,,,,,,,,,,,,,
,,instant messages,,,,,,,,,,,,,,,,,,,
,,(IM) and/or,,,,,,,,,,,,,,,,,,,
,,online;,,,,,,,,,,,,,,,,,,,
,,completely ignore,,,,,,,,,,,,,,,,,,,
,,or exclude him or,,,,,,,,,,,,,,,,,,,
,,her from their,,,,,,,,,,,,,,,,,,,
,,group of friends,,,,,,,,,,,,,,,,,,,
,,or leave him or,,,,,,,,,,,,,,,,,,,
,,her out of things,,,,,,,,,,,,,,,,,,,
,,on purpose,,,,,,,,,,,,,,,,,,,
,,online; tell lies or,,,,,,,,,,,,,,,,,,,
,,spread false,,,,,,,,,,,,,,,,,,,
,,rumors about him,,,,,,,,,,,,,,,,,,,
,,or her to try to,,,,,,,,,,,,,,,,,,,
,,make other,,,,,,,,,,,,,,,,,,,
,,students dislike,,,,,,,,,,,,,,,,,,,
,,him or her online;,,,,,,,,,,,,,,,,,,,
,,do other hurtful,,,,,,,,,,,,,,,,,,,
,,things like that,,,,,,,,,,,,,,,,,,,
,,online,,,,,,,,,,,,,,,,,,,
Aoyama et al.,Cyberbullying,Post[ing] name-,?a,Lifetime/none,487 (Study 1);,13?15 years,Japan and,7.0b,,,,,,,,,,,,,
(2012),,calling messages,,provided,275 (Study 2),(Study,southwestern,S,,,,,,,,,,,,,
,,to Internet,,(Study 1);,,1); mean,U.S.,1,,,,,,,,,,,,,
,,bulletin boards or,,Last 6,,of 16.5,,(U,,,,,,,,,,,,,
,,blogs . . . [or],,months,,years,,S,,,,,,,,,,,,,
,,be[ing] mean to,,(Study 2),,(Study 2),,5,,,,,,,,,,,,,
,,some peers using,,,,,,(J,,,,,,,,,,,,,
,,the Internet,,,,,,S,,,,,,,,,,,,,
,,(Study 1);,,,,,,,,,,,,,,,,,,,
,,send[ing] mean or,,,,,,,,,,,,,,,,,,,
,,nasty [e-mail/text],,,,,,,,,,,,,,,,,,,
,,messages to,,,,,,,,,,,,,,,,,,,
,,someone . . . [or],,,,,,,,,,,,,,,,,,,
,,put[ting] down,,,,,,,,,,,,,,,,,,,
,,someone online,,,,,,,,,,,,,,,,,,,
,,by sending or,,,,,,,,,,,,,,,,,,,
,,posting cruel,,,,,,,,,,,,,,,,,,,
,,"messages, gossip,",,,,,,,,,,,,,,,,,,,
,,"rumors, or other",,,,,,,,,,,,,,,,,,,
,,harmful materials,,,,,,,,,,,,,,,,,,,
,,(Study 2),,,,,,,,,,,,,,,,,,,
Aricak et al.,Cyberbullying,Cyberbullying on the,?,Lifetime/none,269,12?19 years,Turkey,,,,,,,,,,,,,,
(2008),,Internet and via,,provided,,,,,,,,,,,,,,,,,
,,cell phones,,,,,,,,,,,,,,,,,,,
Barlett &,Cyberbullying,Measurement,?,Last year,493 (Study 1);,Mean of,Midwestern,,,,,,,,,,,,,,
Gentile,,approach unclear,,,181 (Study 2),19.4,U.S.,,,,,,,,,,,,,,
(2012),,,,,,years,,,,,,,,,,,,,,,
Bauman (2010),Cyberbullying,Measurement,?,Current,221,Grades 5?8,Southwestern,,,,,,,,,,,,,,
Bauman & Pero,Cyberbullying,Measurement,,?,Since the,52,Grades 7?12,Southwestern,6.0,,,,,,,,,,,,
(2010),,approach unclear,,,start of,,,U.S.,0,,,,,,,,,,,,
,,,,,school year,,,,(,,,,,,,,,,,,
,,,,,(3 months,,,,,,,,,,,,,,,,
,,,,,earlier),,,,,,,,,,,,,,,,
Bennett et al.,Electronic,"Electronic hostility,",,?,Last year,437,18?22 years,U.S.,,,,,,,,,,,,,
(2011),aggression,electronic,,,,,,,,,,,,,,,,,,,
,,"intrusiveness,",,,,,,,,,,,,,,,,,,,
,,electronic,,,,,,,,,,,,,,,,,,,
,,"humiliation, and",,,,,,,,,,,,,,,,,,,
,,electronic,,,,,,,,,,,,,,,,,,,
,,exclusion,,,,,,,,,,,,,,,,,,,
Beran & Li,Cyber-harassment/,"When a student, or",?,,Lifetime/none,432,12?15 years,Canada,,,,,,,,,,,,,
(2005),cyberbullying,"several students,",,,provided,,,,,,,,,,,,,,,,
,,says mean and,,,,,,,,,,,,,,,,,,,
,,hurtful things or,,,,,,,,,,,,,,,,,,,
,,makes fun of,,,,,,,,,,,,,,,,,,,
,,another student or,,,,,,,,,,,,,,,,,,,
,,calls him or her,,,,,,,,,,,,,,,,,,,
,,mean and hurtful,,,,,,,,,,,,,,,,,,,
,,"names,",,,,,,,,,,,,,,,,,,,
,,completely,,,,,,,,,,,,,,,,,,,
,,ignores or,,,,,,,,,,,,,,,,,,,
,,excludes him or,,,,,,,,,,,,,,,,,,,
,,her from their,,,,,,,,,,,,,,,,,,,
,,group of friends,,,,,,,,,,,,,,,,,,,
,,or leaves him or,,,,,,,,,,,,,,,,,,,
,,her out of things,,,,,,,,,,,,,,,,,,,
,,"on purpose, tells",,,,,,,,,,,,,,,,,,,
,,lies or spreads,,,,,,,,,,,,,,,,,,,
,,false rumors,,,,,,,,,,,,,,,,,,,
,,"about him or her,",,,,,,,,,,,,,,,,,,,
,,sends mean notes,,,,,,,,,,,,,,,,,,,
,,and tries to make,,,,,,,,,,,,,,,,,,,
,,other students,,,,,,,,,,,,,,,,,,,
,,dislike him or,,,,,,,,,,,,,,,,,,,
,,"her, and other",,,,,,,,,,,,,,,,,,,
,,hurtful things like,,,,,,,,,,,,,,,,,,,
,,that . . . [that],,,,,,,,,,,,,,,,,,,
,,happen,,,,,,,,,,,,,,,,,,,
,,"repeatedly, and it",,,,,,,,,,,,,,,,,,,
,,is difficult for the,,,,,,,,,,,,,,,,,,,
,,student being,,,,,,,,,,,,,,,,,,,
,,harassed to,,,,,,,,,,,,,,,,,,,
,,defend himself or,,,,,,,,,,,,,,,,,,,
,,herself . . . [and],,,,,,,,,,,,,,,,,,,
,,two students [are,,,,,,,,,,,,,,,,,,,
,,not] of about,,,,,,,,,,,,,,,,,,,
,,equal strength or,,,,,,,,,,,,,,,,,,,
,,power,,,,,,,,,,,,,,,,,,,
Beran & Li,Cyberbullying,Harassing behaviors,?,,Lifetime/none,432,12?15 years,Canada,,,,,,,,,,,,,
Beran et al.,Cyber-harassment,Repeatedly doing,?,,,Lifetime/none,"1,368",Mean of,U.S. and,13.8,,,,,,,,,,,
(2012),,one or more of,,,,provided,,21.1,Canada,s,,,,,,,,,,,
,,the following to,,,,,,years,,8,,,,,,,,,,,
,,another person for,,,,,,,,(c,,,,,,,,,,,
,,whom it was,,,,,,,,,,,,,,,,,,,
,,difficult to defend,,,,,,,,,,,,,,,,,,,
,,him/herself: (1),,,,,,,,,,,,,,,,,,,
,,saying mean and,,,,,,,,,,,,,,,,,,,
,,"hurtful things,",,,,,,,,,,,,,,,,,,,
,,"teasing, making",,,,,,,,,,,,,,,,,,,
,,"fun, or calling",,,,,,,,,,,,,,,,,,,
,,him/her mean and,,,,,,,,,,,,,,,,,,,
,,hurtful names; (2),,,,,,,,,,,,,,,,,,,
,,ignoring or,,,,,,,,,,,,,,,,,,,
,,excluding him/,,,,,,,,,,,,,,,,,,,
,,her; (3) telling,,,,,,,,,,,,,,,,,,,
,,lies or spreading,,,,,,,,,,,,,,,,,,,
,,false rumors,,,,,,,,,,,,,,,,,,,
,,about him/her; or,,,,,,,,,,,,,,,,,,,
,,(4) trying to make,,,,,,,,,,,,,,,,,,,
,,other people,,,,,,,,,,,,,,,,,,,
,,dislike him/her . .,,,,,,,,,,,,,,,,,,,
,,. us[ing],,,,,,,,,,,,,,,,,,,
,,technology,,,,,,,,,,,,,,,,,,,
Berson et al.,Cyber-misconduct,The exchange of,?,,,Lifetime/none,"10,800",12?18 years,Online,,,,,,,,,,,,
(2002),,suggestive or,,,,provided,,,recruitment,,,,,,,,,,,,
,,threatening e mail,,,,,,,,,,,,,,,,,,,
,,messages,,,,,,,,,,,,,,,,,,,
Bossler & Holt,On-line,Someone harassing,?,,,Last year,573,College,Southeastern,,,,,,,,,,,,
(2010),harassment,you in a chat,,,,,,,U.S.,,,,,,,,,,,,
,,"room, Internet",,,,,,,,,,,,,,,,,,,
,,"relay chat, or",,,,,,,,,,,,,,,,,,,
,,instant messaging,,,,,,,,,,,,,,,,,,,
"Brighi, Guarini,",Cyberbullying,Bully[ing] via a,,?,,Last 2,"2,326",11?21 years,Italy,,,,,,,,,,,,
et al. (2012),,mobile phone or,,,,months,,,,,,,,,,,,,,,
,,the Internet,,,,,,,,,,,,,,,,,,,
"Brighi, Melotti,",Cyberbullying,Bully[ing] via a,?,,,Lifetime/none,"5,862","Grades 8,","Italy, Spain,",,,,,,,,,,,,
et al. (2012),,mobile phone or,,,,provided,,"10, and",and United,,,,,,,,,,,,
,,the Internet,,,,,,12,Kingdom,,,,,,,,,,,,
Calvete et al.,Cyberbullying,Bully[ing] via the,,?,,Lifetime/none,"1,431",12?17 years,Spain,,,,,,,,,,,,
(2010),,use of the Internet,,,,provided,,,,,,,,,,,,,,,
,,and cell phones,,,,,,,,,,,,,,,,,,,
Cassidy et al.,Cyberbullying,Measurement,,,?,Lifetime/none,17,Not reported,Canada,,,,,,,,,,,,
(2012),,approach unclear,,,,provided,,,,,,,,,,,,,,,
Cetin et al.,Cyberbullying,Measurement,,?,,Lifetime/none,258,15?18 years,Turkey,,,,,,,,,,,,
(2012),,approach unclear,,,,provided,,,,,,,,,,,,,,,
"Cetin, Peker,",Cyberbullying,Measurement,?,,,Lifetime/none,350,Mean of,Turkey,,,,,,,,,,,,
et al. (2011),,approach unclear,,,,provided,,15.2,,,,,,,,,,,,,
,,,,,,,,years,,,,,,,,,,,,,
"Çetin, Yaman, &",Cyberbullying,"Cyber forgery, cyber",,?,?,Lifetime/none,404,14?19 years,Turkey,,,,,,,,,,,,
Peker (2011),,"verbal bullying,",,,,provided,,,,,,,,,,,,,,,
,,[and] hiding,,,,,,,,,,,,,,,,,,,
,,identity,,,,,,,,,,,,,,,,,,,
Cheng et al.,Cyberbullying,Spreading rumors,,?,,Last 6,860 (scale,12?18 years,China,,,,,,,,,,,,
Coyne et al.,Griefing,"Intentional,",?,,Last year,86,Mean of,8 countries,,,,,,,,,,,,,
(2009),,"persistent,",,,,,37.1,,,,,,,,,,,,,,
,,unacceptable,,,,,years,,,,,,,,,,,,,,
,,behavior that,,,,,,,,,,,,,,,,,,,
,,disrupts a,,,,,,,,,,,,,,,,,,,
,,resident?s ability,,,,,,,,,,,,,,,,,,,
,,to enjoy Second,,,,,,,,,,,,,,,,,,,
,,Life and which,,,,,,,,,,,,,,,,,,,
,,may have,,,,,,,,,,,,,,,,,,,
,,negative,,,,,,,,,,,,,,,,,,,
,,consequences for,,,,,,,,,,,,,,,,,,,
,,residents both in,,,,,,,,,,,,,,,,,,,
,,Second Life and,,,,,,,,,,,,,,,,,,,
,,First (or Real),,,,,,,,,,,,,,,,,,,
,,"life. Mostly, this",,,,,,,,,,,,,,,,,,,
,,behavior is,,,,,,,,,,,,,,,,,,,
,,directed at a,,,,,,,,,,,,,,,,,,,
,,resident who,,,,,,,,,,,,,,,,,,,
,,cannot easily,,,,,,,,,,,,,,,,,,,
,,defend him or,,,,,,,,,,,,,,,,,,,
,,herself,,,,,,,,,,,,,,,,,,,
Cross et al.,Cyberbullying,[Bullying via],,?,Current,"7,418",8?14 years,Australia,,,,,,,,,,,,,
(2009),,Internet or mobile,,,school,,,,,,,,,,,,,,,,
,,phone,,,term,,,,,,,,,,,,,,,,
D?Antona et al.,Cyberbullying,Mean or hurtful text,?,,Lifetime/none,835,Grades 3?5,Northeastern,,,,,,,,,,,,,
(2010),,messages,,,provided,,,U.S.,,,,,,,,,,,,,
Dehue et al.,Cyberbullying,Bullying on the,,?,Current,"1,211",Mean of,Netherlands,,,,,,,,,,,,,
(2008),,Internet or via,,,school year,,12.7,,,,,,,,,,,,,,
,,text messages,,,,,years,,,,,,,,,,,,,,
Dehue et al.,Cyberbullying,Doing nasty and,,?,Current,"1,184",10?14 years,Netherlands,,,,,,,,,,,,,
Dempsey et al.,Cyber-aggression,Send[ing] a student,,?,Last 30 days,"1,672",Grades 6?8,Southeastern,,,,,,,,,,,,,
(2011),,a text message or,,,,,,U.S.,,,,,,,,,,,,,
,,instant message,,,,,,,,,,,,,,,,,,,
,,that was mean or,,,,,,,,,,,,,,,,,,,
,,that threatened,,,,,,,,,,,,,,,,,,,
,,that student;,,,,,,,,,,,,,,,,,,,
,,post[ing] a,,,,,,,,,,,,,,,,,,,
,,comment on a,,,,,,,,,,,,,,,,,,,
,,student?s web,,,,,,,,,,,,,,,,,,,
,,space wall that,,,,,,,,,,,,,,,,,,,
,,was mean or that,,,,,,,,,,,,,,,,,,,
,,threatened that,,,,,,,,,,,,,,,,,,,
,,student; send[ing],,,,,,,,,,,,,,,,,,,
,,a student an,,,,,,,,,,,,,,,,,,,
,,e-mail that was,,,,,,,,,,,,,,,,,,,
,,mean or that,,,,,,,,,,,,,,,,,,,
,,threatened that,,,,,,,,,,,,,,,,,,,
,,student; creat[ing],,,,,,,,,,,,,,,,,,,
,,a web page about,,,,,,,,,,,,,,,,,,,
,,a student that had,,,,,,,,,,,,,,,,,,,
,,mean or,,,,,,,,,,,,,,,,,,,
,,embarrassing,,,,,,,,,,,,,,,,,,,
,,information and/,,,,,,,,,,,,,,,,,,,
,,or photos,,,,,,,,,,,,,,,,,,,
Dempsey et al.,Cyber,Peer aggression,,?,Last 30 days,"1,684",11?16 years,Southern U.S.,,,,,,,,,,,,,
(2009),victimization,involving instant,,,,,,,,,,,,,,,,,,,
,,"messaging, text",,,,,,,,,,,,,,,,,,,
,,"messaging,",,,,,,,,,,,,,,,,,,,
,,personalized,,,,,,,,,,,,,,,,,,,
,,"websites, web",,,,,,,,,,,,,,,,,,,
,,"posts, and e-mail",,,,,,,,,,,,,,,,,,,
Didden et al.,Cyberbullying,Bullying . . . via,,?a,Last 3,114,12?19 years,Netherlands,4.,,,,,,,,,,,,
(2009),,Internet and cell,,,months,,,,,,,,,,,,,,,,
,,phone,,,,,,,,,,,,,,,,,,,
Dilmac (2009),Cyberbullying,The use of,?,,Lifetime/none,666,18?22 years,Turkey,,,,,,,,,,,,,
,,information and,,,provided,,,,,,,,,,,,,,,,
,,communication,,,,,,,,,,,,,,,,,,,
,,technologies to,,,,,,,,,,,,,,,,,,,
,,"support deliberate,",,,,,,,,,,,,,,,,,,,
,,"repeated, and",,,,,,,,,,,,,,,,,,,
,,hostile behavior,,,,,,,,,,,,,,,,,,,
,,by an individual,,,,,,,,,,,,,,,,,,,
,,"or group, that is",,,,,,,,,,,,,,,,,,,
,,intended to harm,,,,,,,,,,,,,,,,,,,
,,others,,,,,,,,,,,,,,,,,,,
Dooley et al.,Cyberbullying,Bully[ing] via the,,?,Last 3,"7,489",10?15 years,Australia and,,,,,,,,,,,,,
(2010),,Internet or mobile,,,months,,,Austria,,,,,,,,,,,,,
,,phone,,,(Australia);,,,,,,,,,,,,,,,,
,,,,,last 2,,,,,,,,,,,,,,,,
,,,,,months,,,,,,,,,,,,,,,,
,,,,,(Austria),,,,,,,,,,,,,,,,
Dooley et al.,Cyberbullying,Bullying via the,,?,Most recent,516,10?16 years,Australia,,,,,,,,,,,,,
(2012),,Internet or mobile,,,school,,,,,,,,,,,,,,,,
,,phone,,,term,,,,,,,,,,,,,,,,
Erdur-Baker,Cyberbullying,Bullying via the,,?,Last semester,276,14?18 years,Turkey,,,,,,,,,,,,,
(2010),,Internet or cell,,,,,,,,,,,,,,,,,,,
,,phone,,,,,,,,,,,,,,,,,,,
Erdur-Baker &,Cyberbullying,Bullying via the,,?a,Lifetime/none,228,14?19 years,Turkey,3.,,,,,,,,,,,,
Erdur-Baker &,Cyberbullying,Bullying via the,,?,Past semester,165,10?14 years,Turkey,,,,,,,,,,,,,
Tanrikulu,,Internet or cell,,,,,,,,,,,,,,,,,,,
(2010),,phone,,,,,,,,,,,,,,,,,,,
Erentaite ? et al.,Cyberbullying,Bully[ing] via cell,,?,Last few,"1,667",15?19 years,Lithuania,,,,,,,,,,,,,
(2012),,phone (short,,,months,,,,,,,,,,,,,,,,
,,"messages (SMS),",,,,,,,,,,,,,,,,,,,
,,clips/ pictures and,,,,,,,,,,,,,,,,,,,
,,calls) [or] via,,,,,,,,,,,,,,,,,,,
,,"e-mail, chat,",,,,,,,,,,,,,,,,,,,
,,instant messaging,,,,,,,,,,,,,,,,,,,
,,"(IM), and",,,,,,,,,,,,,,,,,,,
,,websites,,,,,,,,,,,,,,,,,,,
Estévez et al.,Cyberbullying,Bullying via the,,?,Lifetime/none,"1,431",12?17 years,Spain,,,,,,,,,,,,,
(2010),,"Internet, cell",,,provided,,,,,,,,,,,,,,,,
,,"phones, photos, or",,,,,,,,,,,,,,,,,,,
,,videos,,,,,,,,,,,,,,,,,,,
Fanti et al.,Cyberbullying,Send[ing] . . . a,,?,Lifetime/none,"1,416",11?14 years,Cyprus,,,,,,,,,,,,,
(2012),,threatening or,,,provided,,,,,,,,,,,,,,,,
,,"harassing e-mail,",,,,,,,,,,,,,,,,,,,
,,"instant message,",,,,,,,,,,,,,,,,,,,
,,message in a chat,,,,,,,,,,,,,,,,,,,
,,room or social,,,,,,,,,,,,,,,,,,,
,,"networking sites,",,,,,,,,,,,,,,,,,,,
,,and short text,,,,,,,,,,,,,,,,,,,
,,message (SMS),,,,,,,,,,,,,,,,,,,
Finn (2004),Online,Repeated use of,,?a,During tenure,339,Mean of,Northeastern,9.,,,,,,,,,,,,
,harassment,e-mail and instant,,,at current,,20.3,U.S.,,,,,,,,,,,,,
,,messaging to,,,university,,years,,,,,,,,,,,,,,
,,"insult, harass,",,,,,,,,,,,,,,,,,,,
,,"threaten, or send",,,,,,,,,,,,,,,,,,,
,,inappropriate,,,,,,,,,,,,,,,,,,,
,,material such as,,,,,,,,,,,,,,,,,,,
,,pornography,,,,,,,,,,,,,,,,,,,
Fleming et al.,Online bullying,Exposure to bullying,?,,Lifetime/none,692,13?16 years,Australia,,,,,,,,,,,,,
(2006),,[online],,,provided,,,,,,,,,,,,,,,,
Fredstrom et al.,Electronic,Bullying [via],,?,Last year,802,Grade 9,Southeastern,,,,,,,,,,,,,
Goebert et al.,Cyberbullying,Receiv[ing] a,,,?,Last year,677,Grades 9?12,Hawaii,,,,,,,,,,,,
(2011),,threatening or,,,,,,,,,,,,,,,,,,,
,,mean text,,,,,,,,,,,,,,,,,,,
,,message;,,,,,,,,,,,,,,,,,,,
,,receiv[ing] a,,,,,,,,,,,,,,,,,,,
,,threatening or,,,,,,,,,,,,,,,,,,,
,,mean e-mail;,,,,,,,,,,,,,,,,,,,
,,hav[ing],,,,,,,,,,,,,,,,,,,
,,"embarrassing,",,,,,,,,,,,,,,,,,,,
,,threatening or,,,,,,,,,,,,,,,,,,,
,,mean information,,,,,,,,,,,,,,,,,,,
,,posted about them,,,,,,,,,,,,,,,,,,,
,,on a website;,,,,,,,,,,,,,,,,,,,
,,hav[ing] a dating,,,,,,,,,,,,,,,,,,,
,,partner go,,,,,,,,,,,,,,,,,,,
,,through their cell,,,,,,,,,,,,,,,,,,,
,,phone to check,,,,,,,,,,,,,,,,,,,
,,on calls or text,,,,,,,,,,,,,,,,,,,
,,messages; and,,,,,,,,,,,,,,,,,,,
,,hav[ing] a partner,,,,,,,,,,,,,,,,,,,
,,go through their,,,,,,,,,,,,,,,,,,,
,,personal website,,,,,,,,,,,,,,,,,,,
,,to check up on,,,,,,,,,,,,,,,,,,,
,,them,,,,,,,,,,,,,,,,,,,
"Gradinger,",Cyber-,Be[ing] insulted or,,?,,Last 2,665,Mean of,Austria,,,,,,,,,,,,
"Strohmeier,",victimization,hurt by receiving,,,,months,,11.6,,,,,,,,,,,,,
"Schiller, et al.",,"mean calls, text",,,,,,years,,,,,,,,,,,,,
(2012),,"messages,",,,,,,,,,,,,,,,,,,,
,,"e-mails, chat",,,,,,,,,,,,,,,,,,,
,,"contributions,",,,,,,,,,,,,,,,,,,,
,,discussion board,,,,,,,,,,,,,,,,,,,
,,"contributions,",,,,,,,,,,,,,,,,,,,
,,"instant messages,",,,,,,,,,,,,,,,,,,,
,,videos or photos,,,,,,,,,,,,,,,,,,,
Gradinger et al.,Cyberbullying,Often us[ing] the,?,,,Lifetime/none,761,14?19 years,Austria,,,,,,,,,,,,
(2009),,mobile phone or,,,,provided,,,,,,,,,,,,,,,
,,the computer to,,,,,,,,,,,,,,,,,,,
,,send mean text,,,,,,,,,,,,,,,,,,,
,,"messages,",,,,,,,,,,,,,,,,,,,
,,"e-mails, videos,",,,,,,,,,,,,,,,,,,,
,,or photos to,,,,,,,,,,,,,,,,,,,
,,others,,,,,,,,,,,,,,,,,,,
"Gradinger,",Cyberbullying,Insult[ing] or,?,,,Last 2,"1,461",10?15 years,Austria,,,,,,,,,,,,
"Strohmeier, &",,hurt[ing] other,,,,months,,,,,,,,,,,,,,,
Spiel (2012),,students by,,,,,,,,,,,,,,,,,,,
,,sending mean text,,,,,,,,,,,,,,,,,,,
,,"messages,",,,,,,,,,,,,,,,,,,,
,,"e-mails, videos,",,,,,,,,,,,,,,,,,,,
,,or photos to them,,,,,,,,,,,,,,,,,,,
Hay & Meldrum,Cyberbullying,[Being] the target of,,?,,Last year,426,10?21 years,Southeastern,,,,,,,,,,,,
"Hay, Meldrum,",Cyberbullying,[Being] the target of,,?,Last year,424,Mean of,Southeastern,,,,,,,,,,,,,
& Mann,,?mean? text,,,,,15.0,U.S.,,,,,,,,,,,,,
(2010),,messages; sent,,,,,years,,,,,,,,,,,,,,
,,threatening or,,,,,,,,,,,,,,,,,,,
,,hurtful statements,,,,,,,,,,,,,,,,,,,
,,or pictures in an,,,,,,,,,,,,,,,,,,,
,,e-mail or text,,,,,,,,,,,,,,,,,,,
,,message; and,,,,,,,,,,,,,,,,,,,
,,made fun of on,,,,,,,,,,,,,,,,,,,
,,the Internet,,,,,,,,,,,,,,,,,,,
Hemphill et al.,Cyberbullying,Bully[ing] another,?,,Last year,696,11?14 years,Australia,,,,,,,,,,,,,
(2012),,student using,,,,,(time 1);,,,,,,,,,,,,,,
,,"technology, such",,,,,14?16,,,,,,,,,,,,,,
,,as mobile,,,,,years,,,,,,,,,,,,,,
,,"telephones, the",,,,,(time 2),,,,,,,,,,,,,,
,,"Internet,",,,,,,,,,,,,,,,,,,,
,,"computers,",,,,,,,,,,,,,,,,,,,
,,answering,,,,,,,,,,,,,,,,,,,
,,"machines, or",,,,,,,,,,,,,,,,,,,
,,cameras,,,,,,,,,,,,,,,,,,,
Hinduja &,Cyberbullying,[Being] ignored by,,?,Lifetime/none,"1,388",6?17 years,Online,,,,,,,,,,,,,
Patchin,,"others,",,,provided,,,recruitment,,,,,,,,,,,,,
(2007),,disrespected by,,,,,,,,,,,,,,,,,,,
,,"others, called",,,,,,,,,,,,,,,,,,,
,,"names,",,,,,,,,,,,,,,,,,,,
,,"threatened, made",,,,,,,,,,,,,,,,,,,
,,"fun of by others,",,,,,,,,,,,,,,,,,,,
,,picked on by,,,,,,,,,,,,,,,,,,,
,,"others, scared for",,,,,,,,,,,,,,,,,,,
,,"safety, and",,,,,,,,,,,,,,,,,,,
,,[having] rumors,,,,,,,,,,,,,,,,,,,
,,spread by others,,,,,,,,,,,,,,,,,,,
Hinduja &,Cyberbullying,Bothering someone,,?,Last 6,"1,378",18 years,Online,,,,,,,,,,,,,
Patchin,,"online, teasing in",,,months,,,recruitment,,,,,,,,,,,,,
(2008),,"a mean way,",,,,,,,,,,,,,,,,,,,
,,calling someone,,,,,,,,,,,,,,,,,,,
,,"hurtful names,",,,,,,,,,,,,,,,,,,,
,,intentionally,,,,,,,,,,,,,,,,,,,
,,leaving persons,,,,,,,,,,,,,,,,,,,
,,"out of things,",,,,,,,,,,,,,,,,,,,
,,threatening,,,,,,,,,,,,,,,,,,,
,,"someone, and",,,,,,,,,,,,,,,,,,,
,,saying unwanted,,,,,,,,,,,,,,,,,,,
,,sexually-related,,,,,,,,,,,,,,,,,,,
,,things to someone,,,,,,,,,,,,,,,,,,,
Hinduja &,Cyberbullying,Online aggression,,?,Last 30 days,"1,963",10?16 years,U.S.,,,,,,,,,,,,,
Huang & Chou,Cyberbullying,Ill-intended,?,Lifetime/none,545,Grades 7?9,Taiwan,,,,,,,,,,,,,,
(2010),,behaviors in,,provided,,,,,,,,,,,,,,,,,
,,"cyberspace (i.e.,",,,,,,,,,,,,,,,,,,,
,,"e-mails, instant",,,,,,,,,,,,,,,,,,,
,,"messengers, chat",,,,,,,,,,,,,,,,,,,
,,"rooms, online",,,,,,,,,,,,,,,,,,,
,,"polls, web",,,,,,,,,,,,,,,,,,,
,,"forums, weblogs,",,,,,,,,,,,,,,,,,,,
,,and cell-phone,,,,,,,,,,,,,,,,,,,
,,text messages),,,,,,,,,,,,,,,,,,,
,,[that] include,,,,,,,,,,,,,,,,,,,
,,"threats,",,,,,,,,,,,,,,,,,,,
,,"harassment,",,,,,,,,,,,,,,,,,,,
,,"humiliation,",,,,,,,,,,,,,,,,,,,
,,"insults, and any",,,,,,,,,,,,,,,,,,,
,,other emotional,,,,,,,,,,,,,,,,,,,
,,put-downs by,,,,,,,,,,,,,,,,,,,
,,"means of works,",,,,,,,,,,,,,,,,,,,
,,"fake pictures,",,,,,,,,,,,,,,,,,,,
,,peeping-Tom,,,,,,,,,,,,,,,,,,,
,,"videos, or any",,,,,,,,,,,,,,,,,,,
,,combination of,,,,,,,,,,,,,,,,,,,
,,digital content,,,,,,,,,,,,,,,,,,,
Hunt et al.,Cyberbullying,Other kids say[ing],?,Lifetime/none,943,8?16 years,Australia,,,,,,,,,,,,,,
Jose et al.,Cyberbullying,Send[ing] a mean,,?,Last month,"1,774",11?16 years,New Zealand,,,,,,,,,,,,,
(2012),,text message to,,,,,,,,,,,,,,,,,,,
,,someone [or],,,,,,,,,,,,,,,,,,,
,,bully[ing] others,,,,,,,,,,,,,,,,,,,
,,online,,,,,,,,,,,,,,,,,,,
Juvonen &,Cyberbullying,Anything that,,?,Last year,"1,454",12?17 years,Online,,,,,,,,,,,,,
Gross (2008),,someone does,,,,,,recruitment,,,,,,,,,,,,,
,,that upsets or,,,,,,,,,,,,,,,,,,,
,,offends someone,,,,,,,,,,,,,,,,,,,
,,"else, including",,,,,,,,,,,,,,,,,,,
,,"name-calling,",,,,,,,,,,,,,,,,,,,
,,"threats, sending",,,,,,,,,,,,,,,,,,,
,,embarrassing/,,,,,,,,,,,,,,,,,,,
,,"private pictures,",,,,,,,,,,,,,,,,,,,
,,and sharing,,,,,,,,,,,,,,,,,,,
,,private,,,,,,,,,,,,,,,,,,,
,,information,,,,,,,,,,,,,,,,,,,
,,without,,,,,,,,,,,,,,,,,,,
,,permission . . .,,,,,,,,,,,,,,,,,,,
,,"via e-mail, instant",,,,,,,,,,,,,,,,,,,
,,"messaging, cell",,,,,,,,,,,,,,,,,,,
,,phone text,,,,,,,,,,,,,,,,,,,
,,"messaging, in a",,,,,,,,,,,,,,,,,,,
,,"chat room, blog,",,,,,,,,,,,,,,,,,,,
,,personal profile,,,,,,,,,,,,,,,,,,,
,,"site, and/or",,,,,,,,,,,,,,,,,,,
,,message boards,,,,,,,,,,,,,,,,,,,
Katzer et al.,Cyberbullying,Bullying in Internet,,?a,Lifetime/none,"1,700",Mean of,Germany,4.,,,,,,,,,,,,
(2009),,chat rooms,,,provided,,14.1,,,,,,,,,,,,,,
,,,,,,,years,,,,,,,,,,,,,,
Kessel Schneider,Cyberbullying,"Us[ing] the Internet,",?,,Last year,"20,406",Grades 9?12,Northeastern,,,,,,,,,,,,,
et al. (2012),,"a phone, or other",,,,,,U.S.,,,,,,,,,,,,,
,,electronic,,,,,,,,,,,,,,,,,,,
,,communications,,,,,,,,,,,,,,,,,,,
,,"to bully, tease, or",,,,,,,,,,,,,,,,,,,
,,threaten you,,,,,,,,,,,,,,,,,,,
Kite et al.,Cyberbullying,Bullying behavior on,,?a,Lifetime/none,588,Grades 7?8,Northeastern,,,,,,,,,,,,,
(2010),,both MySpace,,,provided,,,U.S.,,,,,,,,,,,,,
,,and instant,,,,,,,,,,,,,,,,,,,
,,messenger sites,,,,,,,,,,,,,,,,,,,
Klomek et al.,Cyberbullying,Us[ing] e-mail or,?,,Last 4 weeks,"2,341",13?19 years,Northeastern,,,,,,,,,,,,,
(2008),,Internet to be,,,,,,U.S.,,,,,,,,,,,,,
,,mean to you,,,,,,,,,,,,,,,,,,,
König et al.,Cyberbullying,"Flaming, harassment,",,?,Last 6,473,11?17 years,Online,,,,,,,,,,,,,
(2010),,"denigration,",,,months,,,recruitment,,,,,,,,,,,,,
,,"impersonation,",,,,,,(German,,,,,,,,,,,,,
,,"outing/trickery,",,,,,,forum),,,,,,,,,,,,,
,,exclusion and,,,,,,,,,,,,,,,,,,,
,,cyber-stalking,,,,,,,,,,,,,,,,,,,
Kowalski &,Cyberbullying,Bully[ing] through,,?c,Past couple,42,10?20 years,U.S.,,,,,,,,,,,,,
Kowalski &,Electronic,Bully[ing] through,,?c,,Past couple,"3,767",Grades 6?8,Southeastern,,,,,,,,,,,,
Limber,bullying,"e-mail, instant",,,,of months,,,and,,,,,,,,,,,,
(2007),,"messaging, in a",,,,,,,northwestern,,,,,,,,,,,,
,,"chat room, on a",,,,,,,U.S.,,,,,,,,,,,,
,,"website, or",,,,,,,,,,,,,,,,,,,
,,through a text,,,,,,,,,,,,,,,,,,,
,,message sent to a,,,,,,,,,,,,,,,,,,,
,,cell phone,,,,,,,,,,,,,,,,,,,
Kowalski &,Cyberbullying,Bully[ing] through,,?c,,Past couple,931,11?19 years,Northeastern,,,,,,,,,,,,
Limber,,"e-mail, instant",,,,of months,,,U.S.,,,,,,,,,,,,
(2013),,"messaging, in a",,,,,,,,,,,,,,,,,,,
,,"chat room, on a",,,,,,,,,,,,,,,,,,,
,,"website, or",,,,,,,,,,,,,,,,,,,
,,through a text,,,,,,,,,,,,,,,,,,,
,,message sent to a,,,,,,,,,,,,,,,,,,,
,,cell phone,,,,,,,,,,,,,,,,,,,
"Kowalski,",Cyberbullying,Bully[ing] through,?,,,Past couple,"4,531",11?19 years,U.S.,,,,,,,,,,,,
"Morgan, &",,"e-mail, instant",,,,of months,,,,,,,,,,,,,,,
Limber,,"messaging, in a",,,,,,,,,,,,,,,,,,,
(2012),,"chat room, on a",,,,,,,,,,,,,,,,,,,
,,"web page, or",,,,,,,,,,,,,,,,,,,
,,through a text,,,,,,,,,,,,,,,,,,,
,,message sent to a,,,,,,,,,,,,,,,,,,,
,,cell phone,,,,,,,,,,,,,,,,,,,
Lam & Li,E-Bullying,"Teas[ing], call[ing]",,?,,Last 7 days,484,11?16 years,China,,,,,,,,,,,,
(2013),,someone bad,,,,,,,,,,,,,,,,,,,
,,"names, say[ing]",,,,,,,,,,,,,,,,,,,
,,mean things about,,,,,,,,,,,,,,,,,,,
,,"someone, say[ing]",,,,,,,,,,,,,,,,,,,
,,you are going to,,,,,,,,,,,,,,,,,,,
,,"hit/hurt someone,",,,,,,,,,,,,,,,,,,,
,,threaten[ing],,,,,,,,,,,,,,,,,,,
,,"someone, [or]",,,,,,,,,,,,,,,,,,,
,,mak[ing] up,,,,,,,,,,,,,,,,,,,
,,something about,,,,,,,,,,,,,,,,,,,
,,someone to make,,,,,,,,,,,,,,,,,,,
,,others not like,,,,,,,,,,,,,,,,,,,
,,him/her anymore,,,,,,,,,,,,,,,,,,,
,,"using e-mails,",,,,,,,,,,,,,,,,,,,
,,"texting, short",,,,,,,,,,,,,,,,,,,
,,"messages, on a",,,,,,,,,,,,,,,,,,,
,,website such as,,,,,,,,,,,,,,,,,,,
,,"Renren, etc.",,,,,,,,,,,,,,,,,,,
"Law, Shapka,",Cyberbullying/,"Mean things,",,?,?,Lifetime/none,733,10?18 years,Canada,,,,,,,,,,,,
"Law, Shapka,",Cyberbullying,"Mean things,",?,Lifetime/none,"17,5511",14?18,Canada,,,,,,,,,,,,,,
"Hymel, et al.",,"rumors, or gossip",,provided,,yearsd,,,,,,,,,,,,,,,
(2012),,being said,,,,,,,,,,,,,,,,,,,
,,through the,,,,,,,,,,,,,,,,,,,
,,"Internet websites,",,,,,,,,,,,,,,,,,,,
,,"e-mail, or text",,,,,,,,,,,,,,,,,,,
,,messaging and . .,,,,,,,,,,,,,,,,,,,
,,. embarrassing,,,,,,,,,,,,,,,,,,,
,,pictures or video,,,,,,,,,,,,,,,,,,,
,,clips of yourself,,,,,,,,,,,,,,,,,,,
,,or people you,,,,,,,,,,,,,,,,,,,
,,know being sent,,,,,,,,,,,,,,,,,,,
,,or posted on the,,,,,,,,,,,,,,,,,,,
,,Internet,,,,,,,,,,,,,,,,,,,
Lenhart (2007),Cyberbullying,Receiving,?,Lifetime/none,935,12?17 years,U.S.,,,,,,,,,,,,,,
,,threatening,,provided,,,,,,,,,,,,,,,,,
,,messages; having,,,,,,,,,,,,,,,,,,,
,,. . . private,,,,,,,,,,,,,,,,,,,
,,e-mails or text,,,,,,,,,,,,,,,,,,,
,,messages,,,,,,,,,,,,,,,,,,,
,,forwarded without,,,,,,,,,,,,,,,,,,,
,,consent; having,,,,,,,,,,,,,,,,,,,
,,an embarrassing,,,,,,,,,,,,,,,,,,,
,,picture posted,,,,,,,,,,,,,,,,,,,
,,without,,,,,,,,,,,,,,,,,,,
,,permission; or,,,,,,,,,,,,,,,,,,,
,,having rumors . .,,,,,,,,,,,,,,,,,,,
,,. spread online,,,,,,,,,,,,,,,,,,,
Lester et al.,Cyberbullying,Mean and hurtful,?,Previous,"1,782",Mean of 12,Australia,,,,,,,,,,,,,,
(2012),,text (SMS),,school,,(time 1);,,,,,,,,,,,,,,,
,,messages (text,,term,,mean of,,,,,,,,,,,,,,,
,,"messages, pictures",,,,14 (Time,,,,,,,,,,,,,,,
,,or video clips),,,,2),,,,,,,,,,,,,,,
,,and mean and,,,,,,,,,,,,,,,,,,,
,,hurtful messages,,,,,,,,,,,,,,,,,,,
,,on the Internet,,,,,,,,,,,,,,,,,,,
,,"(e-mail; pictures,",,,,,,,,,,,,,,,,,,,
,,webcam or video,,,,,,,,,,,,,,,,,,,
,,clips; chat rooms;,,,,,,,,,,,,,,,,,,,
,,MSN messenger,,,,,,,,,,,,,,,,,,,
,,or another form,,,,,,,,,,,,,,,,,,,
,,of instant,,,,,,,,,,,,,,,,,,,
,,messenger; social,,,,,,,,,,,,,,,,,,,
,,networking sites,,,,,,,,,,,,,,,,,,,
,,like MySpace;,,,,,,,,,,,,,,,,,,,
,,Internet game;,,,,,,,,,,,,,,,,,,,
,,web log/blog or,,,,,,,,,,,,,,,,,,,
,,web,,,,,,,,,,,,,,,,,,,
,,page/website),,,,,,,,,,,,,,,,,,,
Li (2006),Cyberbullying,Cyberbullying [via],?c,Lifetime/none,264,Grades 7?9,Canada,,,,,,,,,,,,,,
Machmutow,Cyber-,[Cyberbullying,,?,,Last 4,765,Mean of,Switzerland,,,,,,,,,,,,
et al. (2012),victimisation,behavior],,,,months,,13.2,,,,,,,,,,,,,
,,involving only the,,,,,,,,,,,,,,,,,,,
,,bully and the,,,,,,,,,,,,,,,,,,,
,,"victim (i.e., text",,,,,,,,,,,,,,,,,,,
,,"messages, MSN,",,,,,,,,,,,,,,,,,,,
,,"Facebook, Netlog,",,,,,,,,,,,,,,,,,,,
,,etc.); involving,,,,,,,,,,,,,,,,,,,
,,"content (message,",,,,,,,,,,,,,,,,,,,
,,picture or video) .,,,,,,,,,,,,,,,,,,,
,,. . sent to groups,,,,,,,,,,,,,,,,,,,
,,of people; or,,,,,,,,,,,,,,,,,,,
,,involving content,,,,,,,,,,,,,,,,,,,
,,. . . posted on the,,,,,,,,,,,,,,,,,,,
,,Internet,,,,,,,,,,,,,,,,,,,
Marsh et al.,Text bullying,[Bullying via],?,,,Current,"1,169",Mean of,New Zealand,,,,,,,,,,,,
(2010),,texting,,,,school year,,15.7,,,,,,,,,,,,,
Melander (2010),Cyber harassment,Measurement,,,?,n/a,39,18?23 years,Midwestern,,,,,,,,,,,,
,,approach unclear,,,,,,,U.S.,,,,,,,,,,,,
Menesini et al.,Cyberbullying,Nasty text messages;,,?a,,Past couple,707,11?21 years,Italy,3.,,,,,,,,,,,
(2012),,phone pictures/,,,,of months,,,,,,,,,,,,,,,
,,photos or,,,,,,,,,,,,,,,,,,,
,,videoclips of,,,,,,,,,,,,,,,,,,,
,,violent scenes;,,,,,,,,,,,,,,,,,,,
,,phone pictures/,,,,,,,,,,,,,,,,,,,
,,photos or,,,,,,,,,,,,,,,,,,,
,,videoclips of,,,,,,,,,,,,,,,,,,,
,,intimate scenes;,,,,,,,,,,,,,,,,,,,
,,silent/prank phone,,,,,,,,,,,,,,,,,,,
,,calls; nasty or,,,,,,,,,,,,,,,,,,,
,,rude e-mails;,,,,,,,,,,,,,,,,,,,
,,insults on,,,,,,,,,,,,,,,,,,,
,,websites; insults,,,,,,,,,,,,,,,,,,,
,,on instant,,,,,,,,,,,,,,,,,,,
,,messaging; insults,,,,,,,,,,,,,,,,,,,
,,in a chat room;,,,,,,,,,,,,,,,,,,,
,,insults on a blog;,,,,,,,,,,,,,,,,,,,
,,and unpleasant,,,,,,,,,,,,,,,,,,,
,,pictures/photos on,,,,,,,,,,,,,,,,,,,
,,websites,,,,,,,,,,,,,,,,,,,
"Menesini,",Cyberbullying,Nasty text messages;,,?a,,Last 2,"1,092",11?18 years,Italy,4.,,,,,,,,,,,
"Menesini,",Cyberbullying,Nasty text messages;,?,,Last 2,390,14?18 years,Italy,,,,,,,,,,,,,
"Nocentini, &",,phone pictures/,,,months,,,,,,,,,,,,,,,,
Camodeca,,photos/videos of,,,,,,,,,,,,,,,,,,,
(2013),,intimate scenes;,,,,,,,,,,,,,,,,,,,
,,insults on,,,,,,,,,,,,,,,,,,,
,,websites; insults,,,,,,,,,,,,,,,,,,,
,,on instant,,,,,,,,,,,,,,,,,,,
,,messaging; insults,,,,,,,,,,,,,,,,,,,
,,in a chat rooms;,,,,,,,,,,,,,,,,,,,
,,[and] insults on,,,,,,,,,,,,,,,,,,,
,,blog,,,,,,,,,,,,,,,,,,,
Mesch (2009),Cyberbullying,Someone spreading,?,,Lifetime/none,935,12?17 years,U.S.,,,,,,,,,,,,,
,,rumors online,,,provided,,,,,,,,,,,,,,,,
,,about you;,,,,,,,,,,,,,,,,,,,
,,someone posting,,,,,,,,,,,,,,,,,,,
,,an embarrassing,,,,,,,,,,,,,,,,,,,
,,picture online,,,,,,,,,,,,,,,,,,,
,,without your,,,,,,,,,,,,,,,,,,,
,,permission;,,,,,,,,,,,,,,,,,,,
,,someone sending,,,,,,,,,,,,,,,,,,,
,,a threatening,,,,,,,,,,,,,,,,,,,
,,"e-mail, instant",,,,,,,,,,,,,,,,,,,
,,"message, or text",,,,,,,,,,,,,,,,,,,
,,to you; someone,,,,,,,,,,,,,,,,,,,
,,taking a private,,,,,,,,,,,,,,,,,,,
,,"e-mail, instant",,,,,,,,,,,,,,,,,,,
,,"message, or text",,,,,,,,,,,,,,,,,,,
,,message you sent,,,,,,,,,,,,,,,,,,,
,,them and,,,,,,,,,,,,,,,,,,,
,,forwarding it to,,,,,,,,,,,,,,,,,,,
,,someone else or,,,,,,,,,,,,,,,,,,,
,,posting it; and,,,,,,,,,,,,,,,,,,,
,,having been,,,,,,,,,,,,,,,,,,,
,,contacted by a,,,,,,,,,,,,,,,,,,,
,,stranger,,,,,,,,,,,,,,,,,,,
Mishna et al.,Cyberbullying,"The use of e-mail,",?,,Last 3,"2,186","Grades 6, 7,",Canada,,,,,,,,,,,,,
(2010),,"cell phones, text",,,months,,"10, and",,,,,,,,,,,,,,
,,"messages, and",,,,,11,,,,,,,,,,,,,,
,,Internet sites to,,,,,,,,,,,,,,,,,,,
,,"be mean to, make",,,,,,,,,,,,,,,,,,,
,,"fun of, or scare",,,,,,,,,,,,,,,,,,,
,,people,,,,,,,,,,,,,,,,,,,
Mishna et al.,Cyberbullying,Calling someone,?,,Last 3,"2,186","Grades 6, 7,",Canada,,,,,,,,,,,,,
(2012),,names;,,,months,,"10, and",,,,,,,,,,,,,,
,,threatening;,,,,,11,,,,,,,,,,,,,,
,,spreading rumors;,,,,,,,,,,,,,,,,,,,
,,sending a private,,,,,,,,,,,,,,,,,,,
,,picture without,,,,,,,,,,,,,,,,,,,
,,consent;,,,,,,,,,,,,,,,,,,,
,,pretending to be,,,,,,,,,,,,,,,,,,,
,,someone else;,,,,,,,,,,,,,,,,,,,
,,receiving or,,,,,,,,,,,,,,,,,,,
,,sending unwanted,,,,,,,,,,,,,,,,,,,
,,sexual text or,,,,,,,,,,,,,,,,,,,
,,photos; or being,,,,,,,,,,,,,,,,,,,
,,asked to do,,,,,,,,,,,,,,,,,,,
,,something sexual,,,,,,,,,,,,,,,,,,,
Mishna et al.,Cyberbullying,Measurement,,?,Lifetime/none,38,Grades 5?8,Canada,,,,,,,,,,,,,
Mitchell et al.,Online,Us[ing] the Internet,,?,,Lifetime/none,"2,051",10?17 years U.S.,,,6.0,,,,,,,,,,
(2011),victimization,to bother or,,,,provided,,,,,y,,,,,,,,,,
,,harass . . . or to,,,,and last,,,,,(l,,,,,,,,,,
,,spread mean,,,,year,,,,,,,,,,,,,,,
,,words or pictures,,,,,,,,,,,,,,,,,,,
,,. . . and [to] ask .,,,,,,,,,,,,,,,,,,,
,,. . sexual,,,,,,,,,,,,,,,,,,,
,,questions . . . or,,,,,,,,,,,,,,,,,,,
,,try to get you to,,,,,,,,,,,,,,,,,,,
,,talk online about,,,,,,,,,,,,,,,,,,,
,,sex when you did,,,,,,,,,,,,,,,,,,,
,,not want to talk,,,,,,,,,,,,,,,,,,,
,,about those things,,,,,,,,,,,,,,,,,,,
Monks et al.,Cyberbullying,Measurement,?,,,Last school,220,7?11 years England,,,,,,,,,,,,,
(2012),,approach unclear,,,,term,,,,,,,,,,,,,,,
M. Moore et al.,Cyberbullying,Aggressive forum,,,?,n/a,26,orte? Not re p,d,,,,,,,,,,,,
(2012),,"posts (i.e., verbal",,,,,,,,,,,,,,,,,,,
,,insults or attacks,,,,,,,,,,,,,,,,,,,
,,directed at an,,,,,,,,,,,,,,,,,,,
,,individual or,,,,,,,,,,,,,,,,,,,
,,someone,,,,,,,,,,,,,,,,,,,
,,associated with,,,,,,,,,,,,,,,,,,,
,,the individual),,,,,,,,,,,,,,,,,,,
P. Moore et al.,Electronic,Bullying through,?,,,Past couple,855,Mean of Southeastern,,,,,,,,,,,,,
(2012),bullying,"e-mail, instant",,,,of months,,13.0 U.S.,,,,,,,,,,,,,
,,"messaging, in a",,,,,,years,,,,,,,,,,,,,
,,"chat room, on a",,,,,,,,,,,,,,,,,,,
,,"website, or",,,,,,,,,,,,,,,,,,,
,,through a text,,,,,,,,,,,,,,,,,,,
,,message sent to a,,,,,,,,,,,,,,,,,,,
,,cell phone,,,,,,,,,,,,,,,,,,,
National,Text bullying,Bullying or threat,,?,,Lifetime/none,770,11?19 years United,,,,,,,,,,,,,
Childrens,,"via e-mail,",,,,provided,,Kingdom,,,,,,,,,,,,,
Home &,,Internet chat,,,,,,,,,,,,,,,,,,,
Tesco Mobile,,"room, or text",,,,,,,,,,,,,,,,,,,
(2005),,,,,,,,,,,,,,,,,,,,,
Navarro et al.,Cyberbullying,Cyberbullying (as,,?,,Last 6,"1,068",10?12 years Spain,,,,,,,,,,,,,
(2013),,defined by,,,,months,,,,,,,,,,,,,,,
,,"Tokunaga, 2010)",,,,,,,,,,,,,,,,,,,
,,[via] the Internet,,,,,,,,,,,,,,,,,,,
Navarro et al.,Cyberbullying,Cyberbullying (as,,?,,Last 6,"1,127",10?12 years Spain,,,,,,,,,,,,,
O?Moore (2012),Cyberbullying,Bullying through,?,,,Past couple,"3,004",12?16 years,Ireland,,,,,,,,,,,,
,,"text messages,",,,,of months,,,,,,,,,,,,,,,
,,pictures or video,,,,,,,,,,,,,,,,,,,
,,clips via mobile,,,,,,,,,,,,,,,,,,,
,,"phone cameras,",,,,,,,,,,,,,,,,,,,
,,"phone calls,",,,,,,,,,,,,,,,,,,,
,,"e-mail, chat",,,,,,,,,,,,,,,,,,,
,,"rooms, instant",,,,,,,,,,,,,,,,,,,
,,messaging (IM),,,,,,,,,,,,,,,,,,,
,,or websites,,,,,,,,,,,,,,,,,,,
,,"(blogs, personal",,,,,,,,,,,,,,,,,,,
,,"websites, personal",,,,,,,,,,,,,,,,,,,
,,"polling sites, or",,,,,,,,,,,,,,,,,,,
,,social networking,,,,,,,,,,,,,,,,,,,
,,sites) . . . [that],,,,,,,,,,,,,,,,,,,
,,can happen when,,,,,,,,,,,,,,,,,,,
,,text messages/,,,,,,,,,,,,,,,,,,,
,,pictures/clips/e-,,,,,,,,,,,,,,,,,,,
,,mails/messages,,,,,,,,,,,,,,,,,,,
,,etc. . .. are sent to,,,,,,,,,,,,,,,,,,,
,,"you, but also",,,,,,,,,,,,,,,,,,,
,,when text,,,,,,,,,,,,,,,,,,,
,,messages/,,,,,,,,,,,,,,,,,,,
,,pictures/clips/,,,,,,,,,,,,,,,,,,,
,,e-mails/messages,,,,,,,,,,,,,,,,,,,
,,etc. are sent to,,,,,,,,,,,,,,,,,,,
,,"others, about you",,,,,,,,,,,,,,,,,,,
"Ortega, Elipe, &",Cyberbullying,A type of nuisance,,?c,,Last 2,830,12?18 years,Spain,,,,,,,,,,,,
Calmaestra,,or harassment that,,,,months,,,,,,,,,,,,,,,
(2009),,uses technological,,,,,,,,,,,,,,,,,,,
,,means to mess,,,,,,,,,,,,,,,,,,,
,,"with someone,",,,,,,,,,,,,,,,,,,,
,,such as the phone,,,,,,,,,,,,,,,,,,,
,,or the Internete,,,,,,,,,,,,,,,,,,,
"Ortega, Elipe,",Cyberbullying,Involves the use of,,?,,Last 2,"1,671",12?17 years,Spain,,,,,,,,,,,,
Mora-,,mobile phones,,,,months,,,,,,,,,,,,,,,
"Merchán,",,"(texts, calls, video",,,,,,,,,,,,,,,,,,,
et al. (2009),,clips) or the,,,,,,,,,,,,,,,,,,,
,,"Internet (e-mail,",,,,,,,,,,,,,,,,,,,
,,"instant messaging,",,,,,,,,,,,,,,,,,,,
,,"chat rooms, and",,,,,,,,,,,,,,,,,,,
,,websites) or other,,,,,,,,,,,,,,,,,,,
,,forms of ICT to,,,,,,,,,,,,,,,,,,,
,,deliberately,,,,,,,,,,,,,,,,,,,
,,"harass, threaten,",,,,,,,,,,,,,,,,,,,
,,or intimidate,,,,,,,,,,,,,,,,,,,
,,someone,,,,,,,,,,,,,,,,,,,
Parris et al.,Cyberbullying,Measurement,,,?,Lifetime/none,20,15?19 years,Southeastern,,,,,,,,,,,,
Patchin &,Cyberbullying,Post[ing] something,,?,,Last 30 days,"1,963",10?16 years,U.S.,,,,,,,,,,,,
Hinduja,,online about,,,,,,,,,,,,,,,,,,,
(2011),,another person to,,,,,,,,,,,,,,,,,,,
,,make others,,,,,,,,,,,,,,,,,,,
,,laugh; send[ing],,,,,,,,,,,,,,,,,,,
,,someone a,,,,,,,,,,,,,,,,,,,
,,computer text,,,,,,,,,,,,,,,,,,,
,,message to make,,,,,,,,,,,,,,,,,,,
,,them angry or to,,,,,,,,,,,,,,,,,,,
,,make fun of,,,,,,,,,,,,,,,,,,,
,,them; hav[ing],,,,,,,,,,,,,,,,,,,
,,taken a picture of,,,,,,,,,,,,,,,,,,,
,,someone and,,,,,,,,,,,,,,,,,,,
,,posted it online,,,,,,,,,,,,,,,,,,,
,,without their,,,,,,,,,,,,,,,,,,,
,,permission;,,,,,,,,,,,,,,,,,,,
,,post[ing],,,,,,,,,,,,,,,,,,,
,,something on,,,,,,,,,,,,,,,,,,,
,,MySpace or,,,,,,,,,,,,,,,,,,,
,,similar site to,,,,,,,,,,,,,,,,,,,
,,make them angry,,,,,,,,,,,,,,,,,,,
,,or to make fun of,,,,,,,,,,,,,,,,,,,
,,them; send[ing],,,,,,,,,,,,,,,,,,,
,,someone an,,,,,,,,,,,,,,,,,,,
,,e-mail to make,,,,,,,,,,,,,,,,,,,
,,them angry or to,,,,,,,,,,,,,,,,,,,
,,make fun of them,,,,,,,,,,,,,,,,,,,
Paul et al.,Cyberbullying,Measurement,,,?,Lifetime/none,30,Mean of,England,,,,,,,,,,,,
(2012),,approach unclear,,,,provided,,11.9,,,,,,,,,,,,,
,,,,,,,,years,,,,,,,,,,,,,
Pergolizzi et al.,Cyberbullying,The use of the,?,,,Lifetime/none,587,Grades 7?8,Multiple,,,,,,,,,,,,
(2009),,"Internet, cell",,,,provided,,,regions of,,,,,,,,,,,,
,,phones and other,,,,,,,U.S.,,,,,,,,,,,,
,,technologies to,,,,,,,,,,,,,,,,,,,
,,"bully, harass,",,,,,,,,,,,,,,,,,,,
,,"threaten, or",,,,,,,,,,,,,,,,,,,
,,embarrass,,,,,,,,,,,,,,,,,,,
,,someone,,,,,,,,,,,,,,,,,,,
Perren et al.,Cyberbullying,Send[ing] nasty or,,?,,Last 3,"1,694",Mean of,Switzerland,,,,,,,,,,,,
Study,Concept,definition,item(s),Multi-item,Qualitative,parameter,N,grade,Location,,,,,,,,,,,,
Perren &,Cyberbullying,Send[ing] nasty or,,?,,Last 3,564,12?19 years,Online,,,,,,,,,,,,
Gutzwiller-,,threatening,,,,months,,,recruitment,,,,,,,,,,,,
Helfenfinger,,e-mails; nasty,,,,,,,(German,,,,,,,,,,,,
(2012),,messages on the,,,,,,,social,,,,,,,,,,,,
,,Internet/to mobile,,,,,,,networking,,,,,,,,,,,,
,,phone; and mean,,,,,,,site),,,,,,,,,,,,
,,or nasty,,,,,,,,,,,,,,,,,,,
,,comments or,,,,,,,,,,,,,,,,,,,
,,pictures sent to,,,,,,,,,,,,,,,,,,,
,,websites/other,,,,,,,,,,,,,,,,,,,
,,students? mobile,,,,,,,,,,,,,,,,,,,
,,phones,,,,,,,,,,,,,,,,,,,
Popovic-Citic,Cyberbullying,"Harassment (i.e.,",,?a,,Since the,387,11?15 years,Serbia,19,,,,,,,,,,,
et al. (2011),,repeatedly,,,,start of,,,,,,,,,,,,,,,
,,"sending offensive,",,,,school year,,,,,,,,,,,,,,,
,,"rude, and",,,,(no,,,,,,,,,,,,,,,
,,insulting,,,,information,,,,,,,,,,,,,,,
,,messages through,,,,provided,,,,,,,,,,,,,,,
,,"chat rooms,",,,,on time,,,,,,,,,,,,,,,
,,"e-mails, text",,,,elapsed in,,,,,,,,,,,,,,,
,,messaging or any,,,,school,,,,,,,,,,,,,,,
,,other online,,,,year),,,,,,,,,,,,,,,
,,form of,,,,,,,,,,,,,,,,,,,
,,"communication),",,,,,,,,,,,,,,,,,,,
,,"denigration (i.e.,",,,,,,,,,,,,,,,,,,,
,,sending or,,,,,,,,,,,,,,,,,,,
,,posting cruel,,,,,,,,,,,,,,,,,,,
,,rumors about a,,,,,,,,,,,,,,,,,,,
,,person in order to,,,,,,,,,,,,,,,,,,,
,,damage his or her,,,,,,,,,,,,,,,,,,,
,,reputation or,,,,,,,,,,,,,,,,,,,
,,"friendships), and",,,,,,,,,,,,,,,,,,,
,,"outing (i.e.,",,,,,,,,,,,,,,,,,,,
,,haring someone?s,,,,,,,,,,,,,,,,,,,
,,secret or,,,,,,,,,,,,,,,,,,,
,,embarrassing,,,,,,,,,,,,,,,,,,,
,,information,,,,,,,,,,,,,,,,,,,
,,online),,,,,,,,,,,,,,,,,,,
Pornari & Wood,Cyber aggression,[Aggression via] text,,?,,Last 6,339,Mean of,United,,,,,,,,,,,,
Pure & Metzger,Cyberbullying/,Bully[ing] . . .,?,,Lifetime/none,380,18?34 years,Western U.S.,,,,,,,,,,,,,
(2012),online,through text,,,provided,,,,,,,,,,,,,,,,
,aggression,"messaging,",,,,,,,,,,,,,,,,,,,
,,pictures/photos or,,,,,,,,,,,,,,,,,,,
,,"video clips, phone",,,,,,,,,,,,,,,,,,,
,,"calls, e-mails,",,,,,,,,,,,,,,,,,,,
,,"chat rooms,",,,,,,,,,,,,,,,,,,,
,,"instant messaging,",,,,,,,,,,,,,,,,,,,
,,[and] websites,,,,,,,,,,,,,,,,,,,
,,"(including blogs,",,,,,,,,,,,,,,,,,,,
,,video sites like,,,,,,,,,,,,,,,,,,,
,,"YouTube, and",,,,,,,,,,,,,,,,,,,
,,social networking,,,,,,,,,,,,,,,,,,,
,,sites like,,,,,,,,,,,,,,,,,,,
,,Facebook) . . .,,,,,,,,,,,,,,,,,,,
,,sent to you . . .,,,,,,,,,,,,,,,,,,,
,,[or] sent to,,,,,,,,,,,,,,,,,,,
,,"others, about you",,,,,,,,,,,,,,,,,,,
Raskauskas,Cyberbullying,Bully[ing] by text,?,,Since the,"1,530",11?18 years,New Zealand,,,,,,,,,,,,,
(2010),,messages,,,start of,,,,,,,,,,,,,,,,
,,,,,school year,,,,,,,,,,,,,,,,
,,,,,(5?6,,,,,,,,,,,,,,,,
,,,,,months,,,,,,,,,,,,,,,,
,,,,,earlier),,,,,,,,,,,,,,,,
Raskauskas &,Electronic,Electronic bullying,,?,Current,84,13?18 years,Location,,,,,,,,,,,,,
Stoltz (2007),bullying,[via] text,,,school year,,,unspecified,,,,,,,,,,,,,
,,"messages,",,,and last 30,,,,,,,,,,,,,,,,
,,websites or chat,,,days,,,,,,,,,,,,,,,,
,,"rooms, and taking",,,,,,,,,,,,,,,,,,,
,,or distributing,,,,,,,,,,,,,,,,,,,
,,someone?s picture,,,,,,,,,,,,,,,,,,,
,,without,,,,,,,,,,,,,,,,,,,
,,permission,,,,,,,,,,,,,,,,,,,
Riebel et al.,Cyberbullying,"Harassment (i.e.,",,?,Last 2,"1,987",6?19 years,Online and,,,,,,,,,,,,,
Rivers & Noret,Cyberbullying,Nasty or threatening,?,?,Current,Approximately,11?13 years,England,13.0,,,,,,,,,,,,
(2010),,text messages or,,,school,"2,500 per year",,,(a,,,,,,,,,,,,
,,e-mails,,,term,,,,y,,,,,,,,,,,,
S ?ahin (2012),Cyberbullying,Measurement,,?,Lifetime/none,389,Secondary,Turkey,,,,,,,,,,,,,
,,approach unclear,,,provided,,school,,,,,,,,,,,,,,
S ?ahin et al.,Cyberbullying,Measurement,,?,Lifetime/none,300,Secondary,Turkey,,,,,,,,,,,,,
(2010),,approach unclear,,,provided,,school,,,,,,,,,,,,,,
Sakellariou et al.,Cyberbullying,Threatening or,,?a,Lifetime/none,"1,530",9?18 years,Australia,4.,,,,,,,,,,,,
(2012),,"hurtful e-mails,",,,provided,,,,,,,,,,,,,,,,
,,"SMS messages,",,,,,,,,,,,,,,,,,,,
,,images via the,,,,,,,,,,,,,,,,,,,
,,Internet or mobile,,,,,,,,,,,,,,,,,,,
,,"camera phone, or",,,,,,,,,,,,,,,,,,,
,,messages via the,,,,,,,,,,,,,,,,,,,
,,Internet sent . . .,,,,,,,,,,,,,,,,,,,
,,by other studetns,,,,,,,,,,,,,,,,,,,
Salmivalli &,Cyberbullying,Send[ing] mean or,?,,Past couple,"17,627",8?15 years,Finland,,,,,,,,,,,,,
Pöyhönen,,"hurtful messages,",,,of months,,,,,,,,,,,,,,,,
(2012),,"calls, or pictures .",,,,,,,,,,,,,,,,,,,
,,. . by cell phone,,,,,,,,,,,,,,,,,,,
,,or through the,,,,,,,,,,,,,,,,,,,
,,Internet,,,,,,,,,,,,,,,,,,,
Sbarbaro &,Cyberbullying,Post[ing] mean or,,?c,Lifetime/none,106,Grades 7?9,Southwestern,34.0,,,,,,,,,,,,
Enyeart Smith,,hurtful comments,,,provided,,,U.S.,(l,,,,,,,,,,,,
(2011),,". . . online,",,,and last 30,,,,1,,,,,,,,,,,,
,,post[ing] a mean,,,days,,,,3,,,,,,,,,,,,
,,or hurtful picture,,,,,,,,,,,,,,,,,,,
,,"online, post[ing] a",,,,,,,,,,,,,,,,,,,
,,mean or hurtful,,,,,,,,,,,,,,,,,,,
,,"video online,",,,,,,,,,,,,,,,,,,,
,,creat[ing] a mean,,,,,,,,,,,,,,,,,,,
,,or hurtful web,,,,,,,,,,,,,,,,,,,
,,"page, spread[ing]",,,,,,,,,,,,,,,,,,,
,,rumors . . .,,,,,,,,,,,,,,,,,,,
,,"online,",,,,,,,,,,,,,,,,,,,
,,threaten[ing] to,,,,,,,,,,,,,,,,,,,
,,hurt . . .,,,,,,,,,,,,,,,,,,,
,,[someone],,,,,,,,,,,,,,,,,,,
,,through a cell,,,,,,,,,,,,,,,,,,,
,,phone text,,,,,,,,,,,,,,,,,,,
,,"message,",,,,,,,,,,,,,,,,,,,
,,threaten[ing] to,,,,,,,,,,,,,,,,,,,
,,hurt . . .,,,,,,,,,,,,,,,,,,,
,,"[someone] online,",,,,,,,,,,,,,,,,,,,
,,[and] pretend[ing],,,,,,,,,,,,,,,,,,,
,,to be . . .,,,,,,,,,,,,,,,,,,,
,,[someone] online,,,,,,,,,,,,,,,,,,,
,,and act[ing] in a,,,,,,,,,,,,,,,,,,,
,,way that was,,,,,,,,,,,,,,,,,,,
,,mean or hurtful,,,,,,,,,,,,,,,,,,,
Schenk &,Cyberbullying,Cyberbullying [via],,?c,Since starting,799,18?24 years,Southeastern,,,,,,,,,,,,,
(2012),aggressor(s),provided,recruitment,,,,,,,,,,,,,,,,,,
Spears et al.,Cyberbullying,Measurement,,,?,Lifetime/none,20,12?18 years,Australia,,,,,,,,,,,,
(2009),,approach unclear,,,,provided,,,,,,,,,,,,,,,
Staude-Müller et,Online,"Harassment, sexual",,?a,,Lifetime/none,"9,760",10?50 years,Online,22,,,,,,,,,,,
al. (2012),victimization,"harassment,",,,,provided,,,recruitment,,,,,,,,,,,,
,,"flaming, cyber-",,,,,,,(German-,,,,,,,,,,,,
,,"stalking,",,,,,,,based site),,,,,,,,,,,,
,,"denigration,",,,,,,,,,,,,,,,,,,,
,,"impersonation,",,,,,,,,,,,,,,,,,,,
,,outing and,,,,,,,,,,,,,,,,,,,
,,"trickery, and",,,,,,,,,,,,,,,,,,,
,,exclusion,,,,,,,,,,,,,,,,,,,
Steffgen et al.,Cyberbullying,[Cyberbullying via],,?c,,Current,"2,070",12?24 years,Luxembourg,,,,,,,,,,,,
(2011),,"text message,",,,,school year,,,,,,,,,,,,,,,
,,"picture/video clip,",,,,,,,,,,,,,,,,,,,
,,"phone call,",,,,,,,,,,,,,,,,,,,
,,"e-mail, websites/",,,,,,,,,,,,,,,,,,,
,,"chat room, or",,,,,,,,,,,,,,,,,,,
,,instant messaging,,,,,,,,,,,,,,,,,,,
Strohmeier et al.,Cyber-,Bully[ing] by cell,?,,,Past couple,"4,957",9?12 years,Finland,,,,,,,,,,,,
(2011),victimization,phone or through,,,,of months,,,,,,,,,,,,,,,
,,the Internet . . .,,,,,,,,,,,,,,,,,,,
,,[by] receiv[ing],,,,,,,,,,,,,,,,,,,
,,mean or hurtful,,,,,,,,,,,,,,,,,,,
,,"messages, calls,",,,,,,,,,,,,,,,,,,,
,,or pictures,,,,,,,,,,,,,,,,,,,
Sumter et al.,Online,Harassment [and],,?,,Last 6,"1,016?1,762",12?19 years,The,,,,,,,,,,,,
(2012),victimization,bullying online,,,,months,(across 4 time,,Netherlands,,,,,,,,,,,,
,,,,,,,points),,,,,,,,,,,,,,
Topçu & Erdur-,Cyberbullying,Measurement,,?,,Lifetime/none,358 (Study 1);,13?21 years,Turkey,,,,,,,,,,,,
Baker (2010),,approach unclear,,,,provided,339 (Study 2),,,,,,,,,,,,,,
Topçu & Erdur-,Cyberbullying,Measurement,,?,,Last 6,795,13?18 years,Turkey,,,,,,,,,,,,
Baker (2012),,approach unclear,,,,months,,,,,,,,,,,,,,,
Topçu et al.,Cyberbullying,Measurement,,?a,,Lifetime/none,183,14?15 years,Turkey,3.,,,,,,,,,,,
(2008),,approach unclear,,,,provided,,,,,,,,,,,,,,,
Turner et al.,Internet,Us[ing] the Internet,?,,,Last year,"2,999",6?17 years,U.S.,,,,,,,,,,,,
(2011),harassment,to bother or,,,,,,,,,,,,,,,,,,,
,,harass . . . or to,,,,,,,,,,,,,,,,,,,
,,spread mean,,,,,,,,,,,,,,,,,,,
,,words or pictures,,,,,,,,,,,,,,,,,,,
Twyman et al.,Cyberbullying,Measurement,?,,,Last school,104,11?17 years,Southeastern,,,,,,,,,,,,
(2010),,approach unclear,,,,year,,,U.S.,,,,,,,,,,,,
Tynes et al.,Online,General online,,?,,Lifetime/none,476,14?19 years,Midwestern,,,,,,,,,,,,
Vandebosch &,Cyberbullying,Internet and mobile,,,?,n/a,279,10?18 years,Location,,,,,,,,,,,,
Van Cleemput,,phone practices . .,,,,,,,unspecified,,,,,,,,,,,,
(2008),,. intended by the,,,,,,,,,,,,,,,,,,,
,,sender to hurt;,,,,,,,,,,,,,,,,,,,
,,[that are] part of a,,,,,,,,,,,,,,,,,,,
,,repetitive pattern,,,,,,,,,,,,,,,,,,,
,,of negative,,,,,,,,,,,,,,,,,,,
,,offline or online,,,,,,,,,,,,,,,,,,,
,,actions; and [are],,,,,,,,,,,,,,,,,,,
,,performed in a,,,,,,,,,,,,,,,,,,,
,,relationship,,,,,,,,,,,,,,,,,,,
,,characterized by a,,,,,,,,,,,,,,,,,,,
,,power imbalance,,,,,,,,,,,,,,,,,,,
Vannucci et al.,Cyberbullying,"Nasty text messages,",,?,,Last 2,211,14?20 years,Italy,,,,,,,,,,,,
(2012),,phone and,,,,months,,,,,,,,,,,,,,,
,,Internet pictures/,,,,,,,,,,,,,,,,,,,
,,photos or video,,,,,,,,,,,,,,,,,,,
,,clips of violent or,,,,,,,,,,,,,,,,,,,
,,"intimate scenes,",,,,,,,,,,,,,,,,,,,
,,nasty or rude,,,,,,,,,,,,,,,,,,,
,,"e-mails, [and]",,,,,,,,,,,,,,,,,,,
,,insults in chat,,,,,,,,,,,,,,,,,,,
,,rooms,,,,,,,,,,,,,,,,,,,
Varjas et al.,Cyberbullying,Send[ing] a,,?,,Lifetime/none,427,Grades 6?8,Southeastern,,,,,,,,,,,,
(2009),,threatening or,,,,provided,,,U.S.,,,,,,,,,,,,
,,"harassing e-mail,",,,,,,,,,,,,,,,,,,,
,,"instant message,",,,,,,,,,,,,,,,,,,,
,,message in a chat,,,,,,,,,,,,,,,,,,,
,,"room, and short",,,,,,,,,,,,,,,,,,,
,,text message,,,,,,,,,,,,,,,,,,,
,,(SMS),,,,,,,,,,,,,,,,,,,
Varjas et al.,Cyberbullying,Measurement,,,?,Lifetime/none,20,15?19 years,U.S.,,,,,,,,,,,,
(2010),,approach unclear,,,,provided,,,,,,,,,,,,,,,
Vazsonyi et al.,Cyberbullying,Say[ing] or do[ing],?,,,Last year,"25,142",9?16 years,25 European,,,,,,,,,,,,
(2012),,hurtful or nasty,,,,,,,countries,,,,,,,,,,,,
,,things to someone,,,,,,,,,,,,,,,,,,,
,,. . . on the,,,,,,,,,,,,,,,,,,,
,,Internet or by,,,,,,,,,,,,,,,,,,,
,,mobile phone,,,,,,,,,,,,,,,,,,,
,,"calls, texts or",,,,,,,,,,,,,,,,,,,
,,image/video texts,,,,,,,,,,,,,,,,,,,
Wachs (2012),Cyberbullying,Bullying that,?,,,Last year,518,11?17 years,Germany,,,,,,,,,,,,
,,includes the use,,,,,,,,,,,,,,,,,,,
,,of information,,,,,,,,,,,,,,,,,,,
,,and,,,,,,,,,,,,,,,,,,,
,,communication,,,,,,,,,,,,,,,,,,,
,,technologies,,,,,,,,,,,,,,,,,,,
Wachs & Wolf,Cyberbullying,[Cyberbullying,,?c,,Last 2,833,11?17 years,Germany,,,,,,,,,,,,
Wachs et al.,Cyberbullying,"An aggressive,",?,Last year,518,Grades 5?10,Location,,,,,,,,,,,,,,
(2012),,intentional act,,,,,unspecified,,,,,,,,,,,,,,
,,carried out by a,,,,,,,,,,,,,,,,,,,
,,group or,,,,,,,,,,,,,,,,,,,
,,"individual, using",,,,,,,,,,,,,,,,,,,
,,electronic forms,,,,,,,,,,,,,,,,,,,
,,"of contact,",,,,,,,,,,,,,,,,,,,
,,repeatedly and,,,,,,,,,,,,,,,,,,,
,,over time against,,,,,,,,,,,,,,,,,,,
,,a victim who,,,,,,,,,,,,,,,,,,,
,,cannot easily,,,,,,,,,,,,,,,,,,,
,,defend him- or,,,,,,,,,,,,,,,,,,,
,,herself (direct,,,,,,,,,,,,,,,,,,,
,,quote from P. K.,,,,,,,,,,,,,,,,,,,
,,"Smith et al.,",,,,,,,,,,,,,,,,,,,
,,"2008, p. 376)",,,,,,,,,,,,,,,,,,,
Wade & Beran,Cyberbullying,Calling people,?,Last 3,529,10?13 and,Canada,,,,,,,,,,,,,,
(2011),,"names, imitating",,months,,15?17,,,,,,,,,,,,,,,
,,"someone online,",,,,years,,,,,,,,,,,,,,,
,,spreading rumors,,,,,,,,,,,,,,,,,,,
,,about someone,,,,,,,,,,,,,,,,,,,
,,"else online,",,,,,,,,,,,,,,,,,,,
,,threatening,,,,,,,,,,,,,,,,,,,
,,"someone, sending",,,,,,,,,,,,,,,,,,,
,,unwanted sexual,,,,,,,,,,,,,,,,,,,
,,"content to others,",,,,,,,,,,,,,,,,,,,
,,sending private,,,,,,,,,,,,,,,,,,,
,,pictures of,,,,,,,,,,,,,,,,,,,
,,someone to,,,,,,,,,,,,,,,,,,,
,,"others, and asking",,,,,,,,,,,,,,,,,,,
,,someone to do,,,,,,,,,,,,,,,,,,,
,,something sexual,,,,,,,,,,,,,,,,,,,
Walrave &,Cyberbullying,Bullying over the,?c,Lifetime/none,"1,318",12?18 years,Belgium,,,,,,,,,,,,,,
Heirman,,Internet or mobile,,provided,,,,,,,,,,,,,,,,,
(2011),,phone,,,,,,,,,,,,,,,,,,,
"Wang, Iannotti,",Cyberbullying,Bullying using,?,Lifetime/none,"6,939",Mean of,U.S.,,,,,,,,,,,,,,
& Luk (2010),,computers and . .,,provided,,14.4,,,,,,,,,,,,,,,
,,. cell phones,,,,years,,,,,,,,,,,,,,,
"Wang, Iannotti,",Cyberbullying,Being bullied by,?,Past couple,"7,475",Grades 6?10,U.S.,,,,,,,,,,,,,,
"Luk, &",,others using,,of months,,,,,,,,,,,,,,,,,
Nansel (2010),,"computers, e-mail",,,,,,,,,,,,,,,,,,,
,,"messages, . . .",,,,,,,,,,,,,,,,,,,
,,"pictures, [and]",,,,,,,,,,,,,,,,,,,
,,cell phones,,,,,,,,,,,,,,,,,,,
Wang et al.,Cyberbullying,[Bullying] using,?,Past couple,"7,313",Mean of,U.S.,,,,,,,,,,,,,,
Werner et al.,Internet,Us[ing] the Internet,,?,Last 30 days,330,Grades 6?8,Northwestern,,,,,,,,,,,,,
(2010),aggression,to threaten or,,,,,,U.S.,,,,,,,,,,,,,
,,embarrass,,,,,,,,,,,,,,,,,,,
,,"someone; e.g., by",,,,,,,,,,,,,,,,,,,
,,posting or,,,,,,,,,,,,,,,,,,,
,,sending messages,,,,,,,,,,,,,,,,,,,
,,about them for,,,,,,,,,,,,,,,,,,,
,,other people to,,,,,,,,,,,,,,,,,,,
,,see; tell[ing],,,,,,,,,,,,,,,,,,,
,,others to block,,,,,,,,,,,,,,,,,,,
,,instant messages,,,,,,,,,,,,,,,,,,,
,,from someone,,,,,,,,,,,,,,,,,,,
,,you don?t like or,,,,,,,,,,,,,,,,,,,
,,are mad at;,,,,,,,,,,,,,,,,,,,
,,us[ing] the,,,,,,,,,,,,,,,,,,,
,,Internet to play a,,,,,,,,,,,,,,,,,,,
,,joke or annoy,,,,,,,,,,,,,,,,,,,
,,someone you,,,,,,,,,,,,,,,,,,,
,,were mad at;,,,,,,,,,,,,,,,,,,,
,,mak[ing] rude or,,,,,,,,,,,,,,,,,,,
,,nasty comments,,,,,,,,,,,,,,,,,,,
,,about someone,,,,,,,,,,,,,,,,,,,
,,else online,,,,,,,,,,,,,,,,,,,
Williams &,Internet bullying,[Telling] lies about,?,,Since the,"1,519","Grades 5, 8,",Midwestern,,,,,,,,,,,,,
Guerra (2007),,some students,,,start of,,and 11,U.S.,,,,,,,,,,,,,
,,through e-mail or,,,school year,,,,,,,,,,,,,,,,
,,instant messaging,,,(administered,,,,,,,,,,,,,,,,
,,,,,in spring,,,,,,,,,,,,,,,,
,,,,,term),,,,,,,,,,,,,,,,
Wolak et al.,Online,Bothering or,,?,Last year,"1,499",10?17 years,U.S.,,,,,,,,,,,,,
(2007),harassment,harassing [others],,,,,,,,,,,,,,,,,,,
,,online and . . .,,,,,,,,,,,,,,,,,,,
,,us[ing] the,,,,,,,,,,,,,,,,,,,
,,Internet to,,,,,,,,,,,,,,,,,,,
,,threaten or,,,,,,,,,,,,,,,,,,,
,,embarrass [others],,,,,,,,,,,,,,,,,,,
,,by posting or,,,,,,,,,,,,,,,,,,,
,,sending messages,,,,,,,,,,,,,,,,,,,
,,about [others] for,,,,,,,,,,,,,,,,,,,
,,other people to,,,,,,,,,,,,,,,,,,,
,,see,,,,,,,,,,,,,,,,,,,
Ybarra (2004),Internet,Bothering or,,?,Last year,"1,501",10?17 years,U.S.,,,,,,,,,,,,,
Study,Concept,definition,item(s),Multi-item,Qualitative,parameter,N,grade,Location,,,,,,,,,,,,
"Ybarra, Diener-",Internet,Receiv[ing] rude or,,?,,Last year,"1,588",10?15 years,U.S.,,,,,,,,,,,,
"West, & Leaf",harassment,nasty comments,,,,,,,,,,,,,,,,,,,
(2007),,from someone,,,,,,,,,,,,,,,,,,,
,,while online;,,,,,,,,,,,,,,,,,,,
,,be[ing] the target,,,,,,,,,,,,,,,,,,,
,,of rumors spread,,,,,,,,,,,,,,,,,,,
,,"online, whether",,,,,,,,,,,,,,,,,,,
,,they were true or,,,,,,,,,,,,,,,,,,,
,,not; and,,,,,,,,,,,,,,,,,,,
,,receiv[ing],,,,,,,,,,,,,,,,,,,
,,threatening or,,,,,,,,,,,,,,,,,,,
,,aggressive,,,,,,,,,,,,,,,,,,,
,,comments while,,,,,,,,,,,,,,,,,,,
,,online,,,,,,,,,,,,,,,,,,,
"Ybarra,",Internet,Mak[ing] rude,,?,,Last year,"1,588",10?15 years,U.S.,,,,,,,,,,,,
"Espelage, &",harassment,comments or,,,,,,,,,,,,,,,,,,,
Mitchell,,mean comments,,,,,,,,,,,,,,,,,,,
(2007),,to anyone online;,,,,,,,,,,,,,,,,,,,
,,spread[ing],,,,,,,,,,,,,,,,,,,
,,rumors about,,,,,,,,,,,,,,,,,,,
,,"someone, whether",,,,,,,,,,,,,,,,,,,
,,they were true or,,,,,,,,,,,,,,,,,,,
,,not; [and],,,,,,,,,,,,,,,,,,,
,,mak[ing],,,,,,,,,,,,,,,,,,,
,,aggressive or,,,,,,,,,,,,,,,,,,,
,,threatening,,,,,,,,,,,,,,,,,,,
,,comments to,,,,,,,,,,,,,,,,,,,
,,anyone online,,,,,,,,,,,,,,,,,,,
Ybarra &,Internet/online,Making rude or,,?,,Last year,"1,501",10?17 years,U.S.,,,,,,,,,,,,
Mitchell,aggression,nasty comments,,,,,,,,,,,,,,,,,,,
(2004a),,to someone on,,,,,,,,,,,,,,,,,,,
,,the Internet and,,,,,,,,,,,,,,,,,,,
,,using the Internet,,,,,,,,,,,,,,,,,,,
,,to harass or,,,,,,,,,,,,,,,,,,,
,,embarrass,,,,,,,,,,,,,,,,,,,
,,someone with,,,,,,,,,,,,,,,,,,,
,,whom [you are],,,,,,,,,,,,,,,,,,,
,,mad,,,,,,,,,,,,,,,,,,,
Ybarra &,Internet,Us[ing] the Internet,,?,,Last year,"1,500",10?17 years,U.S.,,,,,,,,,,,,
Mitchell,harassment,to harass or,,,,,,,,,,,,,,,,,,,
(2007),,embarrass,,,,,,,,,,,,,,,,,,,
,,someone [you],,,,,,,,,,,,,,,,,,,
,,are mad at and . .,,,,,,,,,,,,,,,,,,,
,,. mak[ing] rude or,,,,,,,,,,,,,,,,,,,
,,nasty comments,,,,,,,,,,,,,,,,,,,
,,to someone else,,,,,,,,,,,,,,,,,,,
,,online,,,,,,,,,,,,,,,,,,,
Ybarra et al.,Internet,Bothering or,,?,,Last year,"1,500",10?17 years,U.S.,,,,,,,,,,,,
"Smith et al. (2008) observed that text messaging, picture bullying,","commitment, dislike school more, and report lower grades (Ybarra",,,,,,,,,,,,,,,,,,,,
and instant messaging were less common with younger than older,"& Mitchell, 2004a; see also Kowalski & Limber, 2013). However,",,,,,,,,,,,,,,,,,,,,
youth.,although Beran and Li (2007) did not find evidence that perpetra-,,,,,,,,,,,,,,,,,,,,
"More recently, research has examined cyberbullying among",tors of cyberbullying missed school more or reported lower grades,,,,,,,,,,,,,,,,,,,,
"college students (Kowalski, Giumetti, et al., 2012). In one study,","than did those not involved with cyberbullying, they did find that",,,,,,,,,,,,,,,,,,,,
"Kowalski, Giumetti, et al. (2012) found that over 30% of college",perpetrators reported problems with concentration. One issue with,,,,,,,,,,,,,,,,,,,,
Measure,N,k,r,CI [95%],Q,I2,,,,,,,,,,,,,,,
Risk factors,,,,,,,,,,,,,,,,,,,,,
1. Cybervictimization,"147,434",91,0.51,"[0.48, 0.55]","7,732.52",98.8%,,,,,,,,,,,,,,,
2. Traditional bullying,"136,105",70,0.45,"[0.41, 0.48]","4,952.13",98.6%,,,,,,,,,,,,,,,
3. Traditional victimization,"126,264",61,0.21,"[0.18, 0.23]",987.41,93.8%,,,,,,,,,,,,,,,
4. Age,"52,105",31,0.05,"[0.03, 0.08]",203.01,84.7%,,,,,,,,,,,,,,,
5. Frequency of Internet use,"6,764",12,0.20,"[0.12, 0.28]",118.35,89.9%,,,,,,,,,,,,,,,
6. Moral disengagement,"3,549",7,0.27,"[0.20, 0.34]",20.81,66.4%,,,,,,,,,,,,,,,
7. NOBAG,"6,454",7,0.37,"[0.24, 0.48]",145.08,95.2%,,,,,,,,,,,,,,,
8. Anger,"5,088",5,0.20,"[0.17, 0.22]",13.86,63.9%,,,,,,,,,,,,,,,
9. Risky online behavior,"3,114",5,0.23,"[0.20, 0.26]",42.06,88.1%,,,,,,,,,,,,,,,
10. Narcissism,"2,126",3,0.22,"[0.18, 0.26]",0.56,0.0%,,,,,,,,,,,,,,,
Protective factors,,,,,,,,,,,,,,,,,,,,,
11. Empathy,"5,031",5,0.12,"[ 0.14, 0.09]",0.78,0.0%,,,,,,,,,,,,,,,
12. Parental monitoring,"1,567",5,0.07,"[ 0.13, 0.03]",17.86,72.0%,,,,,,,,,,,,,,,
13. Perceived support,"8,619",5,0.04,"[ 0.06, 0.02]",11.30,55.8%,,,,,,,,,,,,,,,
14. School climate,"7,079",4,0.12,"[ 0.14, 0.10]",3.93,0.0%,,,,,,,,,,,,,,,
15. School safety,"3,486",4,0.13,"[ 0.16, 0.10]",5.55,27.9%,,,,,,,,,,,,,,,
Outcomes,,,,,,,,,,,,,,,,,,,,,
16. Depression,"19,820",16,0.15,"[0.11, 0.19]",101.48,84.2%,,,,,,,,,,,,,,,
17. Self-esteem,"21,342",15,0.10,"[ 0.13, 0.07]",51.61,70.9%,,,,,,,,,,,,,,,
18. Anxiety,"5,295",8,0.16,"[0.07, 0.25]",64.87,87.7%,,,,,,,,,,,,,,,
19. Loneliness,"18,012",8,0.09,"[0.04, 0.13]",53.37,85.0%,,,,,,,,,,,,,,,
20. Drug and alcohol use,"6,801",6,0.27,"[0.22, 0.31]",18.27,67.2%,,,,,,,,,,,,,,,
21. Academic achievement,"8,155",6,0.09,"[ 0.18, 0.01]",83.45,92.8%,,,,,,,,,,,,,,,
22. Life satisfaction,"3,417",3,0.11,"[ 0.14, 0.08]",16.02,81.3%,,,,,,,,,,,,,,,
,,,,Cyberbullying victimization,,,,,,,,,,,,,,,,,
,Measure,N,k,I2rCI [95%] Q,,,,,,,,,,,,,,,,,
Risk factors,,,,,,,,,,,,,,,,,,,,,
23. Traditional victimization,,"164,280",81,"0.40 [0.37, 0.42] 2,936.01",97.2%,,,,,,,,,,,,,,,,
24. Traditional bullying,,"128,642",61,"0.25 [0.23, 0.28] 1,100.04",94.5%,,,,,,,,,,,,,,,,
25. Age,,"52,782",32,"0.01 [ 0.01, 0.04] 180.96",82.3%,,,,,,,,,,,,,,,,
26. Frequency of Internet use,,"5,427",12,"0.17 [0.11, 0.22] 33.96",64.7%,,,,,,,,,,,,,,,,
27. Social anxiety,,"13,408",9,"0.15 [0.10, 0.19] 34.01",73.5%,,,,,,,,,,,,,,,,
28. Moral disengagement,,"2,655",5,"0.15 [0.11, 0.18] 6.89",27.4%,,,,,,,,,,,,,,,,
29. Risky online behavior,,"3,300",5,"0.18 [0.14, 0.21] 44.29",88.7%,,,,,,,,,,,,,,,,
30. Anger,,"3,211",4,"0.20 [0.16, 0.23] 0.63",0.0%,,,,,,,,,,,,,,,,
31. Hyperactivity,,"10,560",3,"0.11 [0.09, 0.13] 0.28",0.0%,,,,,,,,,,,,,,,,
Protective factors,,,,,,,,,,,,,,,,,,,,,
32. Social intelligence,,"3,849",6,"0.08 [ 0.15, 0.02] 14.54",58.7%,,,,,,,,,,,,,,,,
33. School safety,,"3,975",5,"0.22 [ 0.24, 0.19] 5.85",14.5%,,,,,,,,,,,,,,,,
34. Parental monitoring,,"2,771",5,"0.06 [ 0.10, 0.02] 15.16",67.0%,,,,,,,,,,,,,,,,
35. Perceived support,,"5,569",5,"0.08 [ 0.11, 0.06] 16.29",69.3%,,,,,,,,,,,,,,,,
36. Empathy,,"5,928",4,"0.02 [ 0.01, 0.04] 15.92",74.9%,,,,,,,,,,,,,,,,
37. School climate,,"7,079",4,"0.11 [ 0.14, 0.09] 7.61",47.4%,,,,,,,,,,,,,,,,
38. Parental control of technology,,"1,751",3,"0.01 [ 0.06, 0.04] 8.54",64.9%,,,,,,,,,,,,,,,,
Outcomes,,,,,,,,,,,,,,,,,,,,,
39. Depression,,"55,929",30,"0.24 [0.21, 0.27] 236.15",87.3%,,,,,,,,,,,,,,,,
40. Self-esteem,,"29,201",21,"0.17 [ 0.21, 0.13] 206.36",89.8%,,,,,,,,,,,,,,,,
41. Anxiety,,"7,450",14,"0.24 [0.18, 0.31] 97.37",85.6%,,,,,,,,,,,,,,,,
42. Academic achievement,,9118,9,"0.06 [ 0.13, 0.01] 79.51",88.7%,,,,,,,,,,,,,,,,
43. Loneliness,,"16,653",8,"0.24 [0.15, 0.33] 174.35",95.4%,,,,,,,,,,,,,,,,
44. Life satisfaction,,"5,315",7,"0.21 [ 0.28, 0.14] 35.78",78.8%,,,,,,,,,,,,,,,,
45. Drug and alcohol use,,"5,975",6,"0.15 [0.08, 0.21] 28.25",80.4%,,,,,,,,,,,,,,,,
46. Conduct problems,,"11,234",4,"0.19 [0.18, 0.21] 3.71",0.0%,,,,,,,,,,,,,,,,
47. Emotional problems,,"9,614",3,"0.18 [0.16, 0.20] 1.54",0.0%,,,,,,,,,,,,,,,,
48. Prosocial behaviors,,"10,560",3,"0.05 [ 0.06, 0.03] 8.01",62.5%,,,,,,,,,,,,,,,,
49. Somatic symptoms,,"2,354",3,"0.19 [0.15, 0.23] 9.78",69.3%,,,,,,,,,,,,,,,,
50. Stress,,"1,519",3,"0.34 [0.29, 0.38] 23.58",87.3%,,,,,,,,,,,,,,,,
51. Suicidal ideation,,"2,995",3,"0.27 [0.24, 0.31] 11.98",75.0%,,,,,,,,,,,,,,,,
"1 ),",effect,sizes from,this,region,were,left,out,of,this,,moderator,?bully.? that,"For the next moderator analysis, we compared studiesprovided",a,bullying,or,cyberbullying,definition,or,the,word
analysis.,,"Additionally,",,because,the,number,,of,effect,,sizes was,?bully? with the measurement of CB/CV (k,,,,,,73) to those studies,,,
"relatively small for samples from Australia, we aggregated Europe",,,,,,,,,,,,,,,,,,,,,
and Australia into one group,,,,( k,68,) for comparison with North,,,,,,that,included neither a definition nor the word ?bully? (k,,,,,,,,60).
American,,samples (containing,,studies,,from,,the,United,,States or,Mixed effects ANOVA could be conducted on 18 constructs with,,,,,,,,,
"sufficient data (these included the following variables from TablesCanada; constructs with mixed effects ANOVA (including variables 1?4,",k,56 ). There,,were,sufficient,,data,,to examine,,15,"2 and 3: 1?6, 16, 17, 19, 23?26, 39?41, 43, and 44). No significant",,,,,,,,,
"6,","16, 17,","19, 23?26,","39,","40, an",d 43,from,Ta,bles,2 an,,d 3). No,moderating role was found for the relationships between CV and,,,,,,,,,
mo,derating,e ffect was,found for,,t he re,lationships between CV,,,,,and,"depression,","loneliness,",,"self-esteem,",,"anxiety,","life-satisfaction,",,,fre-
"depression,",,"a ge, an d",frequency,,o f Internet,,"use,",,norbetween,,CB,"quency of Internet use, TV, and TB, nor between CB and depres-",,,,,,,,,
and,"depression,","loneliness,",,moral,"disengagement,",,,,"age,",,"TB, and","sion,","loneliness,",,"self-esteem,",,"moral disengagement,",frequency,,,of
CV. As,s hown in Table 5,,,", s ignificant between-group Q",,,,,,,statistics,"Internet use, and TB. The moderator did explain significant vari-",,,,,,,,,
were,found for the,re,lationship between CV,,,,an,d loneliness (mean,,,,ability,in the,relationships,,,between CV,and age (mean,,differ-,
difference,,". 23, Q BG",,"7.50, p",,".01), TB (mean difference",,,,,,ence,".05, QBG",,"4.07,",p,".05), as well",as the,relationships,,
".10, QBG",,"13.02, p",,".01), self-esteem (mean difference",,,,,,,".08,",between CB and CV (mean difference,,,,,,".09, QBG","7.92, p",,
QBG,"7.29, p",".01), and TV (mean difference",,,,,,,". 08, Q",,BG,".01), TV (mean difference",,,,,".06, QBG 5.34, p",".05), and age",,,
"5.45, p",,".05). Additionally,",,significant between-group Q,,,,,,,Ins were,(mean difference,,,".05, QBG",,"3.99, p",.05; see Table 7).,,,
found between CB and TV (mean difference,,,,,,,,,". 08, Q BG",,"8.13,",each,"case, providing",,a definition,,or the,word ?bully?,,with,the
p,. 01) and self-esteem (mean difference,,,,,,.,"07, Q",BG,,"7.13, p",measurement of CB/CV resulted in smaller correlations. As with,,,,,,,,,
".01). For all of these relationships, the effect sizes were smaller in",,,,,,,,,,,,"other moderator analyses, the CIs for these analyses overlap.",,,,,,,,,
,,,,,,,,,,,,Measurement of,,,traditional bullying.,,,The final,categorical,,
,,,,,,,,,,,,moderator,variable,,dealt,with,whether TB,or TV was,also,,mea-
Table 4,,,,,,,,,,,,sured,in the study along with CB/CV (k,,,,,96) or not,,(k,38).
Moderator Analyses: Analysis,,,,There were sufficient data to examine this moderating variable foro,f Variance Results for School,,,,,,,,,,,,,,,,
Grade Level,,"12 constructs (including variables 1, 4, 5, 7, 16, 17, 25, 26, 39?41,of Sample",,,,,,,,,,,,,,,,,,,
,,,,,,,,,,,,and 43 from Tables 2 and 3). Results of the mixed effects ANOVA,,,,,,,,,
,,,,,,,,,,,Between-,revealed,no significant,,moderating,,role for,the relationships,,,be-
,Measure,,,N k,,r,CIr,,[95%],,group Q,tween,CV and,,"depression,",,"loneliness, self-esteem,","anxiety,",,,"age,"
CV,TV (all),"161,808",,76,,0.40,"[0.36, 0.43]",,,,6.31,and,frequency,of,Internet,"use,",nor between,CB and,"self-esteem,",,
,TV (MS only),,"51,636",27,,0.37,"[0.31, 0.43]",,,,,"age, frequency of Internet use, and normative beliefs about aggres-",,,,,,,,,
,TV (MS and HS),,"66,649",26,,0.46,"[0.40, 0.51]",,,,,sion (see Table 8). The moderator explained significant variability,,,,,,,,,
,TV (HS only),,"43,523",23,,0.36,"[0.30, 0.43]",,,,,in the,relationships,,between,,CB and depression,(mean,,differ-,
Measure,N,k,r,CIr [95%],,Between-group Q,,,,,,,,,,,,,,,
Cyberbullying victimization (CV),,,,,,,,,,,,,,,,,,,,,
Loneliness (all),"16,653",8,0.24,"[0.16, 0.31]",,7.50,,,,,,,,,,,,,,,
Loneliness (North America),450,3,0.40,"[0.26, 0.52]",,,,,,,,,,,,,,,,,
Loneliness (Europe/Australia),"16,203",5,0.17,"[0.08, 0.26]",,,,,,,,,,,,,,,,,
Self-esteem (all),"28,575",20,0.16,"[ 0.19, 0.13]",,7.29,,,,,,,,,,,,,,,
Self-esteem (North America),"11,687",14,0.19,"[ 0.23, 0.15]",,,,,,,,,,,,,,,,,
Self-esteem,"16,888",6,0.11,"[ 0.15, 0.06]",,,,,,,,,,,,,,,,,
(Europe/Australia),,,,,,,,,,,,,,,,,,,,,
Traditional victimization (all),"158,338",77,0.40,"[0.37, 0.44]",,5.45,,,,,,,,,,,,,,,
TV (North America),"59,835",34,0.45,"[0.40, 0.50]",,,,,,,,,,,,,,,,,
TV (Europe/Australia),"98,503",43,0.37,"[0.32, 0.41]",,,,,,,,,,,,,,,,,
Traditional bullying (all),"123,901",58,0.25,"[0.23, 0.27]",,13.02,,,,,,,,,,,,,,,
TB (North America),"33,152",24,0.31,"[0.27, 0.34]",,,,,,,,,,,,,,,,,
TB (Europe/Australia),"90,749",34,0.21,"[0.18, 0.25]",,,,,,,,,,,,,,,,,
Cyberbullying perpetration,,,,,,,,,,,,,,,,,,,,,
Self-esteem (all),"20,716",14,0.09,"[ 0.11, 0.07]",,7.13,,,,,,,,,,,,,,,
Self-esteem (North America),"10,138",9,0.12,"[ 0.15, 0.09]",,,,,,,,,,,,,,,,,
Self-esteem,"10,578",5,0.05,"[ 0.09, 0.02]",,,,,,,,,,,,,,,,,
(Europe/Australia),,,,,,,,,,,,,,,,,,,,,
Traditional victimization (all),"120,337",57,0.20,"[0.18, 0.23]",,8.13,,,,,,,,,,,,,,,
TV (North America),"30,843",23,0.25,"[0.21, 0.29]",,,,,,,,,,,,,,,,,
TV (Europe/Australia),"89,494",34,0.17,"[0.14, 0.21]",,,,,,,,,,,,,,,,,
,,,,,,Between-,,,,,,,,,,,,,,,
Measure,N,k,r,CIr [95%],,group Q,,,,,,,,,,,,,,,
Cyberbullying victimization (CV),,,,,,,,,,,,,,,,,,,,,
Social anxiety (all),"13,408",9,0.15,"[0.11, 0.18]",,4.52,,,,,,,,,,,,,,,
Social anxiety (single item),"2,837",3,0.08,"[0.02, 0.15]",,,,,,,,,,,,,,,,,
Social anxiety (multiple items),"10,571",6,0.17,"[0.13, 0.22]",,,,,,,,,,,,,,,,,
,,,,,,,Between-,,,,,,,,,,,,,,
Measure,N,k,r,,CIr [95%],,group Q,,,,,,,,,,,,,,
Cyberbullying victimization (CV),,,,,,,,,,,,,,,,,,,,,
Age (all),"52,782",32,0.01,[,"0.01, 0.04]",,4.07,,,,,,,,,,,,,,
Age (no definition),"11,515",14,0.04,"[0.01, 0.08]",,,,,,,,,,,,,,,,,
Age (definition provided),"41,267",18,0.01,[,"0.03, 0.02]",,,,,,,,,,,,,,,,
Cyberbullying perpetration (CB),,,,,,,,,,,,,,,,,,,,,
Age (all),"52,105",31,0.05,"[0.03, 0.08]",,,3.99,,,,,,,,,,,,,,
Age (no definition),"14,959",16,0.08,"[0.04, 0.12]",,,,,,,,,,,,,,,,,
Age (definition provided),"37,146",15,0.03,[,"0.01, 0.07]",,,,,,,,,,,,,,,,
Traditional victimization (all),"126,264",61,0.21,"[0.18, 0.23]",,,5.34,,,,,,,,,,,,,,
TV (no definition),"27,779",21,0.25,"[0.21, 0.29]",,,,,,,,,,,,,,,,,
TV (definition provided),"98,485",40,0.19,"[0.15, 0.22]",,,,,,,,,,,,,,,,,
CV (all),"147,434",91,0.51,"[0.47, 0.55]",,,7.92,,,,,,,,,,,,,,
CV (no definition),"41,156",42,0.57,"[0.52, 0.62]",,,,,,,,,,,,,,,,,
CV (definition provided),"106,278",49,0.46,"[0.40, 0.52]",,,,,,,,,,,,,,,,,
,,,,,,Between-,,,,,,,,,,,,,,,
Measure,N,k,r,CIr [95%],,group Q,,,,,,,,,,,,,,,
Cyberbullying perpetration (CB),,,,,,,,,,,,,,,,,,,,,
Depression (all),"19,820",16,0.15,"[0.11, 0.19]",,6.75,,,,,,,,,,,,,,,
Depression (TB not measured),"2,221",4,0.25,"[0.16, 0.33]",,,,,,,,,,,,,,,,,
Depression (TB also measured),"17,599",12,0.12,"[0.08, 0.17]",,,,,,,,,,,,,,,,,
CV (all),"147,434",91,0.51,"[0.47, 0.55]",,9.28,,,,,,,,,,,,,,,
CV (TB not measured),"17,666",27,0.60,"[0.54, 0.66]",,,,,,,,,,,,,,,,,
CV (TB also measured),"129,768",64,0.47,"[0.42, 0.52]",,,,,,,,,,,,,,,,,
,,,Cyberbullying perpetration,,,Cyberbullying victimization,,,,,,,,,,,,,,,
,Measure,N,k R2,Q (model),N,k R2,Q (model),,,,,,,,,,,,,,
CV,,"147,434",91 0.01 0,0,,,,,,,,,,,,,,,,,
TV,,"126,264",58 0.17 0.03,1.66,"164,280",77 0.18 0.03,2.48,,,,,,,,,,,,,,
TB,,"136,105",67 0.10 0.01,0.63,"128,642",57 0.01 0,0,,,,,,,,,,,,,,
Age,,"52,105",31 0.01 0,0,"52,782",32 0.05 0,0.08,,,,,,,,,,,,,,
Frequency of Internet use,,"6,764",12 0.20 0.04,0.43,"5,427",12 0.34 0.12,1.43,,,,,,,,,,,,,,
Depression,,"19,820",16 0.16 0.03,0.40,"55,929",30 0.41 0.17,6.11,,,,,,,,,,,,,,
Self-esteem,,"21,342",14 0.26 0.07,0.83,"29,201",21 0.20 0.04,0.91,,,,,,,,,,,,,,
Anxiety,,,,,"7,450",14 0.18 0.03,0.34,,,,,,,,,,,,,,
"results section, the current meta-analysis was able to deal with this","logical systems theory, which situates individual behavior within",,,,,,,,,,,,,,,,,,,,
"2005; Sijtsema, Veenstra, Lindenberg, & Salmivalli, 2009). Recent",programs,so,these,can,be,tailored,to,the,needs,of,particular,,,,,,,,,,
see,if,tra ditional bullying,,at an ear ly,,a ge is linked,,w ith,,cyberbul-,,"Aoyama, I., Utsumi, S., & Hasegawa, M. (2012). Cyberbullying in Japan:",,,,,,,,,
"Blais, J. J. (2009). Chatting, befriending, and bullying: Adolescent Inter- Cheng, Y.,","Chen, L.,","Liu, K.,",&,,"Chen, Y.",(2011).,,Development,and,,,,,,,,,,,,
net experiences and associated psychosocial outcomes. Available from psychometric,evaluation,of,the,school,bullying,,scales:,,A Rasch mea-,,,,,,,,,,,,
Dissertation Abstracts International. surement approach.,Educational,,,,and Psychological,,,"Measurement,","71,",,,,,,,,,,,,
"?Bonanno, R. (2007). Bullied to the brink: An investigation of students at 200 216. doi:10.1177/0013164410387387",,,,,,,,,,,,,,,,,,,,,
"risk for depression and suicidal ideation (Doctoral dissertation). Avail- Chin, M. A.","(2011). Prevalence,",,,gender,"differences,",,,and,mental health,,,,,,,,,,,,
able from Dissertation Abstracts International. problems,associated,with traditional,,,and cyberbullying,,,,(Master?s the-,,,,,,,,,,,,
"Borenstein, M., Hedges, L. V., Higgins, J. P. T., & Rothstein, H. R. (2009). sis). Retrieved from ProQuest Dissertations and Theses.",,,,,,,,,,,,,,,,,,,,,
"Introduction to meta-analysis. Hoboken, NJ: Wiley. Cochran, W.",G. (1954).,The,combination,,of,estimates,,,from different,,,,,,,,,,,,
"Bossler, A. M., & Holt, T. J. (2010). The effect of self-control on experiments. Biometrics, 10, 101?129. doi:10.2307/3001666",,,,,,,,,,,,,,,,,,,,,
"victimization in the cyberworld. Journal of Criminal Justice, 38, 227? Cohen, J. (1992). A power primer. Psychological Bulletin, 112, 155?159.",,,,,,,,,,,,,,,,,,,,,
236. doi:10.1016/j.jcrimjus.2010.03.001 doi:10.1037/0033-2909.112.1.155,,,,,,,,,,,,,,,,,,,,,
"Brighi, A., Guarini, A., Melotti, G., Galli, S., & Genta, M. L. (2012). Cox Communications. (2009). Teen online & wireless safety survey: Cy-",,,,,,,,,,,,,,,,,,,,,
"Predictors of victimisation across direct bullying, indirect bullying and berbullying, sexting, and parental controls. Retrieved from http://www",,,,,,,,,,,,,,,,,,,,,
"cyberbullying. Emotional and Behavioural Difficulties, 17, 375?388. .cox.com/takecharge/safe_teens_2009/media/2009_teen_survey_",,,,,,,,,,,,,,,,,,,,,
doi:10.1080/13632752.2012.704684 Internet_and_wireless_safety.pdf,,,,,,,,,,,,,,,,,,,,,
"Brighi, A., Melotti, G., Guarini, A., Genta, M. L., Ortega, R., Mora- Coyne, I., Chesney,","T.,","Logan,","B.,",,"& Madden,",N.,(2009).,,Griefing in a,,,,,,,,,,,,
"Merchen, J., . . . Thompson, F. (2012). Self-esteem and loneliness in virtual community:",,An exploratory,,,survey,of,second,,life residents.,,,,,,,,,,,,
"relation to cyberbullying in three European countries. In Q. Li, D. Cross, Zeitschrift",für Psychologie/Journal,,,,"of Psychology,",,"217,",,214 do? 221. i:,,,,,,,,,,,,
"& P. K. Smith (Eds.), Cyberbullying in the global playground: Research 10.1027/0044-3409.217.4.214",,,,,,,,,,,,,,,,,,,,,
"from international perspectives (pp. 32?56). Chicester, United King- Crick, N. R., & Dodge, K. A. (1994). A review and reformulation of social",,,,,,,,,,,,,,,,,,,,,
dom: Wiley-Blackwell. information-processing,,mechanisms,,,in children?s,,,social,adjustment.,,,,,,,,,,,,
"?Bronfenbrenner, U. (1979). The ecology of human development: Experi- Psychological Bulletin, 115, 74",,,,,101. doi:10.1037/0033-2909.115.1.74,,,,,,,,,,,,,,,,
"ments by nature and design. Cambridge, MA: Harvard University Press. Cross, D., Li,","Q., Smith,","P.,","& Monks,",,H. (2012).,,Understanding,,and,,,,,,,,,,,,
"Cafri, G., Kromrey, J. D., & Brannick, M. T. (2010). A meta-meta- preventing cyberbullying: Where have we been and where should we be",,,,,,,,,,,,,,,,,,,,,
"analysis: Empirical review of statistical power, Type I error rates, effect going? In Q. Li, D. Cross, & P. K. Smith (Eds.), Cyberbullying in the",,,,,,,,,,,,,,,,,,,,,
"sizes, and model selection of meta-analyses published in psychology. global playground: Research from international perspectives (pp. 287?",,,,,,,,,,,,,,,,,,,,,
"Multivariate Behavioral Research, 45, 239 305). Chichester, United Kingdom: Wiley-Blackwell.?270. doi:10.1080/",,,,,,,,,,,,,,,,,,,,,
"00273171003680187 Cross, D., Shaw,","T., Hearn,",,"L.,","Epstein,","M.,","Monks,",,"H.,","Lester, L., &",,,,,,,,,,,,
"Calmaestra-Villen, J. (2011). Cyberbullying: Prevalence and character- Thomas,",L. (2009).,Australian,,,Covert Bullying,,,Prevalence,Study,,,,,,,,,,,,
istics of a new type of indirect bullying. Available from Dissertation (ACBPS).,Retrieved,from,www.deewr.gov.au/Schooling/NationalSafe,,,,,,,,,,,,,,,,,,
Abstracts International. Schools/Pages/research.aspx,,,,,,,,,,,,,,,,,,,,,
"Calvete, E., Orue, I., Estévez, A., Villardón, L., & Padilla, P. (2010). D?Antona, R.,","Kevorkian,","M.,",&,,"Russom, A.",(2010).,,"Sexting,","texting,",,,,,,,,,,,,
"Cyberbullying in adolescents: Modalities and aggressors? profile. Com- cyberbullying and keeping youth safe online. Journal of Social Sciences,",,,,,,,,,,,,,,,,,,,,,
"puters in Human Behavior, 26, 1128 doi:10.3844/? 1135. doi:10.1016/j.chb.2010.03 6, 523?52",8.,jssp.2010.523.528,,,,,,,,,,,,,,,,,,,
".017 David-Ferdon, C., & Hertz, M. F. (2007). Electronic media, violence, and",,,,,,,,,,,,,,,,,,,,,
"Campfield, D. (2009). Cyber bullying and victimization: Psychosocial adolescents: An emerging public health problem. Journal of Adolescent",,,,,,,,,,,,,,,,,,,,,
"characteristics of bullies, victims, and bully/victims (Doctoral disserta- Health, 41(6, Suppl.), S1?S5. doi:10.1016/j.jadohealth.2007.08.020",,,,,,,,,,,,,,,,,,,,,
"tion). Available from Dissertation Abstracts International. Dehue, F., Bolman, C., & Völlink, T. (2008). Cyberbullying: Youngsters?",,,,,,,,,,,,,,,,,,,,,
"Cappadocia, M. C. (2009). Cyberbullying and cybervictimization: Prev- experiences and parental perception. CyberPsychology & Behavior, 11,",,,,,,,,,,,,,,,,,,,,,
"alence, stability, risk and protective factors, and psychosocial problems 217?223. doi:10.1089/cpb.2007.0008",,,,,,,,,,,,,,,,,,,,,
"(Master?s thesis). Available from ProQuest Dissertations and Theses. Dehue, F., Bolman, C., Völlink, T., & Pouwelse, M. (2012). Cyberbully-",,,,,,,,,,,,,,,,,,,,,
"Caprara, G. V., Alessandri, G., Tisak, M. S., Paciello, M., Caprara, M. G., ing and traditional",bullying,,in,relation,to,adolescents?,,,perception of,,,,,,,,,,,,
"Gerbino, M., & Fontaine, R. G. (2013). Individual differences in per- parenting. Journal of CyberTherapy and Rehabilitation, 5, 25?34.",,,,,,,,,,,,,,,,,,,,,
"sonality conducive to engagement in aggression and violence. European Dempsey, A. G., Sulkowski, M. L., Dempsey, J., & Storch, E. A. (2011).",,,,,,,,,,,,,,,,,,,,,
"Journal of Personality, 27, 290 Cy-?303. doi:10.1002/per.1855 Has cyber",technology,produced,,,a new group,of,peer,aggressors?,,,,,,,,,,,,,
"Cassidy, W., Brown, K., & Jackson, M. (2012). ?Under the radar?: Edu- berpsychology,","Behavior,",and,,Social,"Networking,",,,"14,",297?302. doi:,,,,,,,,,,,,
"cators and cyberbullying in schools. School Psychology International, 10.1089/cyber.2010.0108",,,,,,,,,,,,,,,,,,,,,
"33, 520 532. doi:10.1177/014303431244? 5245 Dempsey, A. G., Sulkowski, M. L., Nichols, R., & Storch, E. A. (2009).",,,,,,,,,,,,,,,,,,,,,
Center for the Digital Future at the USC Annenberg School. (2010). The Differences,between,peer victimization,,,in cyber,,and,physical,settings,,,,,,,,,,,,
2010 Digital Future Report. Retrieved from http://www.digitalcenter. and associated psychosocial adjustment,,,,,in early adolescence. Psychol-,,,,,,,,,,,,,,,,
"org ogy in the Schools, 46, 962?972. doi:10.1002/pits.20437",,,,,,,,,,,,,,,,,,,,,
"Cetin, B., Erog ?lu, Y., Peker, A., Akbaba, S., & Pepsoy, S. (2012). The Didden, R., Scholte, R. H. J., Korzilius, H., de Moor, J. M. H., Vermeulen,",,,,,,,,,,,,,,,,,,,,,
"investigation of relationship among relational interdependent self- A., O?Reilly,","M., . .",". Lancioni,",,,G. E. (2009).,,Cyberbullying,,among,,,,,,,,,,,,
construal and psychological disharmony in adolescents: An investigation students with,intellectual,and,developmental,,,disability,,in,special edu-,,,,,,,,,,,,
"Diener, E.",(1980).,The,psychology,of,group,influence.,New,"York,",NY:,during adolescence.,Journal,of,Youth,and,"Adolescence,","40,",405?415.,,,,
Erlbaum.,,,,,,,,,,doi:10.1007/s10964-010-9569-7,,,,,,,,,,,
"Dilmac, B. (2009). Psychological needs as a predictor of cyber bullying: A",,,,,,,,,,"Genta, M., Brighi, A., & Guarini, A. (2009). European project on bullying",,,,,,,,,,,
preliminary,report,on,college students.,,Educational,,Sciences:,Theory,,and cyberbullying granted,by,,Daphne,II,programme.,Zeitschrift,für,,,,
"and Practice, 9, 1307?1325.",,,,,,,,,,Psychologie/Journal,"of Psychology,",,"217,",233.,doi:10.1027/0044-3409,,,,,,
"Dittrick, C.","J., Beran,",T.,"N., Mishna,","F.,","Hetherington,",,"R., &","Shariff,",S.,.217.4.233,,,,,,,,,,,
(2013). Do children who bully their peers also play violent video games?,,,,,,,,,,"Gentile, D. A., Coyne, S. M., & Bricolo, F. (2013). Pathological technol-",,,,,,,,,,,
A Canadian,national,,study. Journal,,of School,"Violence,","12,",297?318.,,ogy addictions: What,is scientifically,,,known,and what,remains,to be,,,,
doi:10.1080/15388220.2013.803244,,,,,,,,,,"learned. In K. E. Dill (Ed.), The Oxford handbook of media psychology",,,,,,,,,,,
"Dooley, J. J., Gradinger, P., Strohmeier, D., Cross, D., & Spiel, C. (2010).",,,,,,,,,,"(pp. 382?402). New York, NY: Oxford University Press.",,,,,,,,,,,
Cyber-victimisation:,,,The association,,between,help-seeking,,behaviours,,"Giumetti, G. W., McKibben, E. S., Hatfield, A. L., Schroeder, A. N., &",,,,,,,,,,,
and self-reported emotional symptoms in Australia and Austria. Austra-,,,,,,,,,,"Kowalski, R. M. (2012).",Cyber-incivility,,,,@ work: The,new,age of,,,,
"lian Journal of Guidance and Counselling, 20, 194",,,,,,Net-?209. doi:10.1375/,,,,interpersonal deviance.,"Cyberpsychology,",,,,"Behavior, and",Social,,,,,
ajgc.20.2.194,,,,,,,,,,"wor ?king, 15, 148 154. doi:10.1089/cyber.2011.0336",,,,,,,,,,,
"Dooley, J.","J., Pyz ?alski,",,"J., & Cross,",,D. (2009).,Cyberbullying,,versus,,"Goebert, D., Else, I., Matsu, C., Chung-Do, J., & Chang, J. Y. (2011). The",,,,,,,,,,,
face-to-face,bullying:,,A theoretical,,and conceptual,review.,,Zeitschrift,,impact of cyberbullying on substance use and mental health in a multi-,,,,,,,,,,,
für Psychologie/Journal,,,"of Psychology,",,"217,",182?188.,doi:10.1027/,,,ethnic sample. Maternal,and,Child,Health,,"Journal, 15,",1282?1286.,,,,,
0044-3409.217.4.182,,,,,,,,,,doi:10.1007/s10995-010-0672-x,,,,,,,,,,,
"Dooley, J. J., Shaw, T., & Cross, D. (2012). The association between the",,,,,,,,,,"Goldweber, A., Waasdorp,","T.,",&,"Bradshaw,",,C. P. (2013).,Examining,,,,,
mental health and behavioural problems of students and their reactions,,,,,,,,,,"associations between race, urbanicity, and patterns of bullying involve-",,,,,,,,,,,
to cyber vic ?-,"timization. European Journal of Developmental Psychology,",,,,,,,,,ment. Journal of Youth,and,"Adolescence,",,,"42, 206 219.",doi:10.1007/,,,,,
"9, 275?289. doi:10.1080/17405629.2011.648425",,,,,,,,,,s10964-012-9843-y,,,,,,,,,,,
"Doyle, M. E. (2009). Victims of cyber-bullying: The roles of parent and",,,,,,,,,,"Gradinger, P., Strohmeier,","D.,","Schiller,",,"E.,","Stefanek, E.,",&,"Spiel, C.",,,,
school connectedness (Doctoral dissertation). Available from ProQuest,,,,,,,,,,(2012). Cyber-victimization and popularity in early adolescence: Stabil-,,,,,,,,,,,
Dissertations and Theses.,,,,,,,,,,ity and predictive associations.,,,European,,Journal of Developmental,,,,,,
"243. d?Dvora k, R.","D., Pearson,",,"M. R., & Kuvaas,",,N.,J. (2013).,T he,five-factor,,"Psyc ho logy, 9, 228",oi:10.1080/17405629.2011.643171,,,,,,,,,,
model of,impulsivity-like,,traits,and,emotional,lability,in,aggressive,,"Gradinger, P., Strohmeier, D., & Spiel, C. (2009). Traditional bullying and",,,,,,,,,,,
"behavior. Aggressive Behavior, 39, 222?228. doi:10.1002/ab.21474",,,,,,,,,,cyberbullying: Identification,,of,risk groups,,for adjustment,,problems.,,,,
"Erdur-Baker,",Ö. (2010).,,Cyberbullying,,and,its correlation,to,traditional,,Zeitschrift für Psychologie/Journal,,,of,"Psychology,","217,",205?213.,doi:,,,,
"bullying,",gender,and,frequent and,,risky,usage of Internet-mediated,,,,10.1027/0044-3409.217.4.205,,,,,,,,,,,
communication tools. New,,,"?Media & Society, 12, 109",,,125. doi:10.1177/,,,,"Gradinger, P., Strohmeier, D., & Spiel, C. (2010). Definition and measure-",,,,,,,,,,,
1461444809341260,,,,,,,,,,ment of cyberbullying. Cyberpsychology: Journal of Psychosocial Re-,,,,,,,,,,,
"Erdur-Baker, Ö., & Kavs ?ut, F. (2007). Cyber bullying: A new face of peer",,,,,,,,,,"search on Cyberspace, 4, Article 1.",,,,,,,,,,,
"bullying. Eurasian Journal of Educational Research, 27, 31?42.",,,,,,,,,,"Gradinger, P., Strohmeier, D., & Spiel, C.",,,,(2012). Motives,,for bullying,,,,,
"Erdur-Baker, O., & Tanrikulu, I. (2010). Psychological consequences of",,,,,,,,,,others in cyberspace:A study on bullies and bully-victims in Austria. In,,,,,,,,,,,
cyber bullying,experiences,,among,Turkish,,secondary,school,children.,,"Q. Li, D. Cross, &",P. K. Smith,,"(Eds.),",Cyberbullying,,in the,global,,,,
"Procedia Social and Behavioral Sciences, 2, 2771?2776. doi:10.1016/j",,,,,,,,,,playground: Research,from,international,,perspectives,(pp.,,263?284).,,,,
.sbspro.2010.03.413,,,,,,,,,,"Malden, MA: Blackwell.",,,,,,,,,,,
"Erentaite ?,","R., Bergman,",,"L. R.,",&,"?ukauskiene ?,",R.,(2012).,Cross-,,"Gullone, E., & Robertson,",N. (2008).,,The,relationship,between,,bullying,,,,
contextual stability of bullying victimization: A person-oriented analysis,,,,,,,,,,and animal abuse behaviors in adolescents: The importance of witness-,,,,,,,,,,,
of cyber and traditional bullying experiences among adolescents. Scan-,,,,,,,,,,ing animal abuse. Journal,of,Applied,,Developmental,"Psychology,",,"29,",,,,
"dinavian Journal of Psychology, 53, 181?190. doi:10.1111/j.1467-9450",,,,,,,,,,371?379. doi:10.1016/j.appdev.2008.06.004,,,,,,,,,,,
.2011.00935.x,,,,,,,,,,"Hatzenbuehler, M. L.,","& Keyes,",,K. M.,(2013).,Inclusive,anti-bullying,,,,,
"Estévez, A.,","Villardón,",,"L., Calvete,","E.,","Padilla,","P., &","Orue,",I. (2010).,,policies and reduced risk of suicide attempts in lesbian and gay youth.,,,,,,,,,,,
Adolescentes,víctimas,,de cyberbullying:,,Prevalencia,,y características,,,Journal of Adolescent,"Health,",,"53(1,","Suppl.),",S21?S26.,doi:10.1016/j,,,,,
[Adolescent,victims,of,cyberbullying:,,Prevalence,and,characteristics].,,,.jadohealth.2012.08.010,,,,,,,,,,,
"Behavioral Psychology/Psicología Conductual, 18, 73?89.",,,,,,,,,,"Hay, C., & Meldrum,",R. (2010).,,Bullying,victimization,and,adolescent,,,,,
"Fanti, K.","A., Demetriou,",,"A. G., &","Hawa,",V.,V. (2012).,A longitudinal,,,self-harm: Testing hypotheses,,,from general,,strain theory.,Journal,of,,,,
"school ?students. Journal of Adolescent Health, 51, 59",65. doi:10.1016/,"Fincham, F.","D.,",.,.,.,"Keller,",P.,S.,(2013).,Curiosity,protects,against,,,,,,,,
j.jadohealth.2011.11.019,,"interpersonal aggression: Cross-sectional, daily process, and behavioral",,,,,,,,,,,,,,,,,,,
"Higgins, J. P. T., & Thompson, S. G. (2002). Quantifying heterogeneity in",,"evidence. Journal of Personality, 81, 87?102. doi:10.1111/j.1467-6494",,,,,,,,,,,,,,,,,,,
"?meta-analysis. Statistics in Medicine, 21, 1539 1558. doi:10.1002/sim",,.2012.00783.x,,,,,,,,,,,,,,,,,,,
.1186,,"Katzer, C., Fetchenhauer, D., & Belschak, F. (2009). Cyberbullying: Who",,,,,,,,,,,,,,,,,,,
"Hinduja, S., & Patchin, J. W. (2007). Offline consequences",of online,are the victims?,,A,comparison,,,of,victimization,,in Internet,chatrooms,,,,,,,,,
victimization: School violence and delinquency. Journal of School Vi-,,and victimization,,"in school. Journal of Media Psychology, 21, 25?36.",,,,,,,,,,,,,,,,,
"olence, 6, 89 03_06? 112. doi:10.130 0/ J2 02 v 06n",,doi:10.1027/1864-1105.21.1.25,,,,,,,,,,,,,,,,,,,
"Hinduja, S., & Patchin, J. W. (2008). Cyberbullying:",An exploratory,"Kelleci, M., &","Ìnal,",,S.,(2010).,Psychiatric,,,symptoms,in,adolescents,and,,,,,,,,
analysis of factors related to offending and victimization. Deviant Be-,,"Internet use: Comparison without Internet use. Cyberpsychology, Behav-",,,,,,,,,,,,,,,,,,,
"havior, 29, 129 156. doi:10.1080/01639620701457816?",,"ior, and Social Networking, 13, 191?194. doi:10.1089/cyber.2009.0026",,,,,,,,,,,,,,,,,,,
"Hinduja, S., & Patchin, J. W. (2009). Bullying beyond",the schoolyard:,"Kessel Schneider,",,"S.,",,"O?Donnell,",,,"L.,","Stueve,","A., & Coulter,",R.,W. S.,,,,,,,,
"Preventing and responding to cyberbullying. Thousand Oaks, CA: Cor-",,"(2012). Cyberbullying,",,,,,school,"bullying,",,and,psychological,distress:,A,,,,,,,,
win Press.,,regional census,,of,high,,school,students.,,American,Journal,of,Public,,,,,,,,
"Hinduja, S., & Patchin, J. W. (2010). Bullying, cyberbullying, and suicide.",,"Health, 102, 171?177. doi:10.2105/AJPH.2011.300308",,,,,,,,,,,,,,,,,,,
"Archives of Suicide Research, 14, 206 221. doi:10.1080/13811118.2010?",,"Kiesler, S., Siegel, J., & McGuire, T. (1984). Social psychological aspects",,,,,,,,,,,,,,,,,,,
.494133,,of computer-mediated,,,,,communication.,,,American,"Psychologist,",,"39,",,,,,,,,
"Hinduja, S., & Patchin, J. (2013). Social influences on",cyberbullying,1123?1134. doi:10.1037/0003-066X.39.10.1123,,,,,,,,,,,,,,,,,,,
behaviors among middle and high school students. Journal of Youth and,,"Kite, S. L., Gable,",,"R.,",,&,"Filippelli,",,L.,(2010).,Assessing,middle,school,,,,,,,,
"Adolescence, 42, 711?722. doi:10.1007/s10964-012-9902-4",,students? knowledge of conduct and consequences and their behaviors,,,,,,,,,,,,,,,,,,,
"Hines, H. N. (2011). Traditional bullying and cyberbullying:",Are the,regarding the,use,,of,social,networking,,,sites.,The Clearing,"House,","83,",,,,,,,,
impacts on self-concept the same? (Master?s thesis).,Available from,?158 163. doi:10.1080/00098650903505365,,,,,,,,,,,,,,,,,,,
Dissertation Abstracts International.,,"Klomek, A. B., Marrocco, F., Kleinman, M., Schonfeld, I. S., & Gould,",,,,,,,,,,,,,,,,,,,
"Hitlin, memo]. Washington, DC: Pew Internet and American Life Project.P., & Rainie, L. (2005). Teens, technology, and",school [Data,"M. S. (2008). Peer victimization, depression, and suicidality in adoles-",,,,,,,,,,,,,,,,,,,
"Hofstede, G. (2001). Culture?s consequences: Comparing values, behav-",,cents. 10.1521/suli.2008.38.2.166Suicide,and,,,Life-Threatening,,,,"B ?ehavior,","38,",166 180.,doi:,,,,,,,,
"iors, institutions, and organizations across nations. Thousand Oaks, CA:",,"Kokkinos, C. M.,",&,,"Panayiotou,",,,G.,(2007).,Parental,discipline,practices,,,,,,,,,
Sage.,,,,,,,,,,,,,,,,,,,,,
"Holfeld, B., & Grabe, M. (2012). An examination of the history, preva-",,and locus of control: Relationship to bullying and victimization experi-,,,,,,,,,,,,,,,,,,,
"Education,lence, characteristics, and reporting of cyberbullying",in the United,ences of elementary,,,,school,students.,,,Social,Psychology,of,,,,,,,,,
"10, 281?301. doi:10.1007/s11218-007-9021-3States. In Q. Li, D. Cross, & P. K. Smith (Eds.), Cyberbullying in the",,,,,,,,,,,,,,,,,,,,,
"global playground: König, A., Gollwitzer, M., & Steffgen, G. (2010). Cyberbullying as an actResearc h from international perspectives (pp. 117?",,,,,,,,,,,,,,,,,,,,,
"142). of revenge? Australian Journal of Guidance and Counselling, 20, 210?Ma lden, M A: Blackwell.",,,,,,,,,,,,,,,,,,,,,
"House, R. J., Hanges, P. M., Javidan, M., Dorfman, P., & Gupta, V. (2004).",,224. doi:10.1375/ajgc.20.2.210,,,,,,,,,,,,,,,,,,,
"Culture, leadership an d organizations: The GLOBE study of 62 societ-",,"Koo, H., Kwak,","K.,",,&,,"Smith,",P.,K.,(2008).,Victimization,in,Korean,,,,,,,,
"ies .Thousand Oaks, CA: Sage.",,"schools: The nature,",,,,"incidence, and distinctive features of Korean bul-",,,,,,,,,,,,,,,
"?Huang, Y., & Chou, C. (2010). An ana lysis o f mu ltiple factors",o f c yber -,"lying or Wang-Ta. Journal of School Violence, 7, 119",,,,,,,,,139. doi:10.1080/,,,,,,,,,,
bullying amon g junior high sc hool students in Taiwan.,Computers in,15388220801974084,,,,,,,,,,,,,,,,,,,
"Human Behavior, 26, 1581?1590. doi:10.1016/j.chb.2010.06.005",,"Kowalski, R.","M.,",&,,"Fedina,",C.,(2011).,,Cyber,bullying,in ADHD,and,,,,,,,,
"Hunley-Jenkins, K. (2013). Principal perspectives a bout",policy compo-,Asperger syndrome,,,,populations.,,,Research,in,Autism Spectrum,,Disor-,,,,,,,,
nents and practices for reducing cyberbullying in urban schools (Doc-,,"ders, 5, 1201?1208. doi:10.1016/j.rasd.2011.01.007",,,,,,,,,,,,,,,,,,,
toral dissertation). Available from Dissertation Abstracts International.,,"Kowalski, R. M., Giumetti, G. W., Schroeder, A. N., & Reese, H. (2012).",,,,,,,,,,,,,,,,,,,
"Hunt, C., Peters, L., & Rapee, R. M. (2012). Development of a measure",,Cyberbullying among college students: Evidence from multiple domains,,,,,,,,,,,,,,,,,,,
"of the experience of being bullied in youth. Psychological Assessment,",,"of college life. In C. Wankel & L. Wankel (Eds.), Misbehavior online in",,,,,,,,,,,,,,,,,,,
"24, 156 ?165. doi:10.1037/a0025178",,"higher education (pp. 293?321). Bingley, United Kingdom: Emerald.",,,,,,,,,,,,,,,,,,,
"Hunter, J. E., & Schmidt, F. L. (2004). Methods of meta-analysis:",Cor-,"Kowalski, R.","M.,",&,,"Limber,",S.,P.,(2007).,Electronic,,bullying,among,,,,,,,,
"recting error and bias in research findings (2nd ed.). Thousand Oaks,",,middle school,students.,,,,Journal,,of,Adolescent,"Health,","41(6, Suppl.),",,,,,,,,,
CA: Sage.,,S22?S30. doi:10.1016/j.jadohealth.2007.08.017,,,,,,,,,,,,,,,,,,,
"Hunter, S. C., Boyle, J. M. E., & Warden, D. (2007).",Perceptions and,"Kowalski, R.","M.,",&,"Limber,",,S.,P.,(2013).,"Psychological,",,"physical,",and,,,,,,,,
correlates of peer-victimization and bullying. British Journal of Educa-,,academic correlates of cyberbullying and traditional bullying. Journal of,,,,,,,,,,,,,,,,,,,
"tional Psychology, 77, 797?810. doi:10.1348/000709906X171046",,"Adolescent Health, 53, S13?S20. doi:10.1016/j.jadohealth.2012.09.018",,,,,,,,,,,,,,,,,,,
"Johnson, C. (2012). An examination of the primary and secondary effects",,"Kowalski, R. M., Limber, S. E., & Agatston, P. W. (2012). Cyberbullying:",,,,,,,,,,,,,,,,,,,
of cyber-bullying: Development and testing of a cyber-bullying moder-,,"Bullying in the digital age (2nd ed.). Malden, MA: Wiley-Blackwell.",,,,,,,,,,,,,,,,,,,
ator/mediator model (Doctoral dissertation). Available,from Disserta-,"Kowalski, R.","M.,","Morgan,",,,C.,"A.,",&,"Limber,",S. E. (2012).,Traditional,,,,,,,,,
tion Abstracts International.,,bullying as a potential warning sign of cyberbullying. School Psychology,,,,,,,,,,,,,,,,,,,
"Jose, P. E., Kljakovic, M., Scheib, E., & Notter, O. (2012).",The joint,"International, 33, 505?519. doi:10.1177/0143034312445244",,,,,,,,,,,,,,,,,,,
development of traditional bullying and victimization with cyber bully-,,"Kozlosky, R.",(2009).,,,Electronic,,bullying,,among,adolescents,(Doctoral,,,,,,,,,
ing and victimization in adolescence. Journal of Research,on Adoles-,dissertation). Available from Dissertation Abstracts International.,,,,,,,,,,,,,,,,,,,
"cence, 22, 301?309. doi:10.1111/j.1532-7795.2011.00764.x",,"Lam, L. T., Cheng, Z., & Liu, X. (2013). Violent online games exposure",,,,,,,,,,,,,,,,,,,
"Juvonen, J., & Gross, E. F. (2008). Extending the school grounds? Bullying",,and cyberbullying/victimization,,,,,,among,,adolescents.,"Cyberpsychology,",,,,,,,,,,
"?experiences in cyberspace. Journal of School Health,","78, 496 165. doi:10.1089/cyber.2012?505.","Behavior, and Social Networking, 16, 159",,,,,,,,,,,,,,,,,,,
